"Player","Pos_C","Pos_F","Pos_PF","Pos_PG","Pos_SF","Pos_SF-PF","Pos_SG","Age","Tm_ATL","Tm_BOS","Tm_BRK","Tm_CHI","Tm_CHO","Tm_CLE","Tm_DAL","Tm_DEN","Tm_DET","Tm_GSW","Tm_HOU","Tm_IND","Tm_LAC","Tm_LAL","Tm_MEM","Tm_MIA","Tm_MIL","Tm_MIN","Tm_NOP","Tm_NYK","Tm_OKC","Tm_ORL","Tm_PHI","Tm_PHO","Tm_POR","Tm_SAC","Tm_SAS","Tm_TOR","Tm_TOT","Tm_UTA","Tm_WAS","G","GS","MP","FG","FGA","X3P","X3PA","X2P","X2PA","eFG.","FT","FTA","ORB","DRB","TRB","AST","STL","BLK","TOV","PF","PTS","PER","TS.","X3PAr","FTr","ORB.","DRB.","TRB.","AST.","STL.","BLK.","TOV.","USG.","OWS","DWS","WS","WS.48","OBPM","DBPM","BPM","VORP","weight","salary"
"Steven Adams",1,0,0,0,0,0,0,27,0,0,0,0,0,0,0,0,0,0,0,0,0,0,0,0,0,0,1,0,0,0,0,0,0,0,0,0,0,0,0,27,27,28.1,3.5,5.8,0,0,3.5,5.7,0.603,1.1,2.3,4.3,4.6,8.9,2.1,1,0.6,1.7,1.9,8,15.9,0.592,0.006,0.397,16.9,18,17.5,10.1,1.7,2,20.1,12.8,1.2,0.5,1.7,0.109,-0.1,-1,-1.1,0.2,115.7,25842697
"Bam Adebayo",1,0,0,0,0,0,0,23,0,0,0,0,0,0,0,0,0,0,0,0,0,0,0,1,0,0,0,0,0,0,0,0,0,0,0,0,0,0,0,26,26,33.6,7.4,12.9,0.1,0.2,7.3,12.7,0.576,5.1,6,1.9,7.3,9.2,5.3,1,1,3,2.6,19.9,22.7,0.641,0.015,0.469,6.8,23.2,15.4,27.9,1.4,3.2,16.2,24.6,2.3,1.3,3.6,0.196,2.9,2,4.9,1.5,110.2,3454080
"LaMarcus Aldridge",1,0,0,0,0,0,0,35,0,0,0,0,0,0,0,0,0,0,0,0,0,0,0,0,0,0,0,0,0,0,0,0,0,0,1,0,0,0,0,18,18,26.7,5.9,12.5,1.3,3.7,4.6,8.8,0.529,0.9,1.2,0.8,3.5,4.3,1.9,0.4,0.9,0.9,1.5,14.1,15.2,0.542,0.298,0.093,3.2,14,8.4,11.4,0.7,2.8,6.4,22.3,0.2,0.5,0.7,0.075,0.3,-1,-0.7,0.2,111.6,2.6e+07
"Nickeil Alexander-Walker",0,0,0,0,0,0,1,22,0,0,0,0,0,0,0,0,0,0,0,0,0,0,0,0,0,0,1,0,0,0,0,0,0,0,0,0,0,0,0,23,3,19.2,3.3,8.2,1,3.8,2.3,4.4,0.473,1.1,1.4,0.2,2.4,2.7,2,1.1,0.3,1.3,1.7,8.8,12,0.502,0.463,0.17,1.3,14.1,7.7,14.9,2.8,1.9,12.9,22.4,-0.2,0.4,0.2,0.025,-2.6,0.1,-2.5,-0.1,93,2964840
"Grayson Allen",0,0,0,0,0,0,1,25,0,0,0,0,0,0,0,0,0,0,0,0,0,0,1,0,0,0,0,0,0,0,0,0,0,0,0,0,0,0,0,19,8,23.9,3.2,7.4,2.3,5.3,0.8,2.1,0.586,1.7,1.9,0.4,2.5,2.9,2.1,1,0.2,1.1,1.3,10.4,14,0.63,0.721,0.264,1.7,12,6.7,11.5,2,0.6,11.3,16.5,0.7,0.4,1.1,0.113,0.4,0.1,0.5,0.3,93,2429400
"Jarrett Allen",1,0,0,0,0,0,0,22,0,0,0,0,0,0,0,0,0,0,0,0,0,0,0,0,0,0,0,0,0,0,0,0,0,0,0,0,1,0,0,28,10,26.2,4.4,6.8,0,0.1,4.3,6.6,0.645,3.6,4.7,2.9,6.1,9,1.6,0.5,1.6,1.5,1.6,12.3,22.5,0.695,0.021,0.695,12.6,25.5,19.1,9,0.9,5.5,14.8,17.1,2.3,0.8,3.1,0.203,2.3,0.4,2.7,0.9,106.1,2376840
"Al-Farouq Aminu",0,0,1,0,0,0,0,30,0,0,0,0,0,0,0,0,0,0,0,0,0,0,0,0,0,0,0,0,0,1,0,0,0,0,0,0,0,0,0,2,0,8,0.5,0.5,0.5,0.5,0,0,1.5,0,1,0.5,1.5,2,1,0,0,1,0,1.5,7.5,0.798,1,2,6.2,20.3,13,16.7,0,0,51.5,10.3,0,0,0,-0.034,-3.4,0.1,-3.3,0,97.5,9258000
"Kyle Anderson",0,0,1,0,0,0,0,27,0,0,0,0,0,0,0,0,0,0,0,0,0,0,1,0,0,0,0,0,0,0,0,0,0,0,0,0,0,0,0,24,24,28.1,5,10.7,1.7,4.3,3.3,6.4,0.545,2.1,2.7,0.9,5.3,6.3,3.8,1.1,0.8,1.4,1.8,13.8,17.8,0.579,0.401,0.249,3.5,21.5,12.2,19.4,1.9,2.5,10.7,20.1,1.1,0.8,1.9,0.134,1.9,1.1,2.9,0.8,104.3,9073050
"Giannis Antetokounmpo",0,0,1,0,0,0,0,26,0,0,0,0,0,0,0,0,0,0,0,0,0,0,0,0,1,0,0,0,0,0,0,0,0,0,0,0,0,0,0,27,27,33.6,10.3,18.4,1.1,4,9.2,14.4,0.594,6.4,9.9,1.7,9.7,11.4,5.8,1.3,1.3,3.7,3.1,28.2,28.3,0.62,0.216,0.54,5.6,29.8,18,27.5,1.8,3.5,13.9,33,2.7,1.5,4.3,0.226,5.2,2,7.2,2.1,109.8,25842697
"Kostas Antetokounmpo",0,0,1,0,0,0,0,23,0,0,0,0,0,0,0,0,0,0,0,0,0,1,0,0,0,0,0,0,0,0,0,0,0,0,0,0,0,0,0,1,0,8,0,2,0,0,0,2,0,0,0,0,4,4,0,0,2,2,1,0,-9.1,0,0,0,0,54.1,28,0,0,21.3,50,21.7,-0.1,0,-0.1,-0.407,-19.3,2,-17.3,0,90.7,79568
"Thanasis Antetokounmpo",0,0,0,0,1,0,0,28,0,0,0,0,0,0,0,0,0,0,0,0,0,0,0,0,1,0,0,0,0,0,0,0,0,0,0,0,0,0,0,18,0,8.3,0.9,1.4,0.1,0.4,0.8,1.1,0.692,0.2,0.4,0.7,1,1.7,0.8,0.3,0.2,0.8,1.4,2.2,10.3,0.688,0.269,0.269,9.5,12.5,11,12.2,1.6,1.8,34,12.4,0.1,0.2,0.2,0.079,-3.3,0.1,-3.2,0,97.5,1445697
"OG Anunoby",0,0,0,0,1,0,0,23,0,0,0,0,0,0,0,0,0,0,0,0,0,0,0,0,0,0,0,0,0,0,0,0,0,0,0,1,0,0,0,18,18,34.4,5.1,10.3,2.4,5.7,2.6,4.7,0.608,2,2.7,1.6,4.3,5.9,1.6,2,0.6,1.7,2.9,14.6,14.7,0.632,0.548,0.258,5,14.2,9.5,6.5,2.8,1.6,13,16.4,0.8,0.7,1.5,0.118,0.3,0.9,1.1,0.5,105.2,2281800
"Ryan Arcidiacono",0,0,0,1,0,0,0,26,0,0,0,1,0,0,0,0,0,0,0,0,0,0,0,0,0,0,0,0,0,0,0,0,0,0,0,0,0,0,0,11,0,9.7,0.8,2.2,0.5,1.5,0.3,0.7,0.5,0.4,0.5,0.1,1.9,2,1.5,0.3,0,0.2,0.9,2.5,11.2,0.534,0.667,0.208,1.1,21.4,11.4,20.1,1.3,0,7.1,11.2,0.2,0.1,0.3,0.119,-2.5,0.9,-1.6,0,88.5,3e+06
"Deandre Ayton",1,0,0,0,0,0,0,22,0,0,0,0,0,0,0,0,0,0,0,0,0,0,0,0,0,0,0,0,0,0,0,1,0,0,0,0,0,0,0,27,27,32.1,6.1,10.3,0.1,0.6,5.9,9.7,0.597,1.6,2.3,3.7,8.6,12.2,1.8,0.3,1,2.1,3.4,13.9,17.7,0.617,0.058,0.219,13,28.9,21.1,8.4,0.5,2.8,15.8,18.8,1.4,1.3,2.7,0.148,-0.5,-0.3,-0.8,0.2,113.4,9562920
"Dwayne Bacon",0,0,0,0,0,0,1,25,0,0,0,0,0,0,0,0,0,0,0,0,0,0,0,0,0,0,0,0,0,1,0,0,0,0,0,0,0,0,0,29,20,24.9,4.1,9.6,1.1,2.9,3,6.8,0.478,1.5,1.9,0.4,2.7,3.1,1,0.8,0.1,0.7,1.7,10.7,10.7,0.513,0.297,0.197,1.7,11.8,6.5,6.4,1.5,0.4,6.2,19.1,0.1,0.6,0.7,0.046,-2.9,-0.9,-3.8,-0.3,99.8,1618520
"Lonzo Ball",0,0,0,1,0,0,0,23,0,0,0,0,0,0,0,0,0,0,0,0,0,0,0,0,0,0,1,0,0,0,0,0,0,0,0,0,0,0,0,25,25,30.9,5.2,12.2,2.9,7.6,2.3,4.6,0.543,0.8,1.1,0.6,3.7,4.3,4.7,1.2,0.5,2,2.5,14,14.2,0.554,0.622,0.089,2.3,13.2,7.8,21.5,2,1.6,13.9,20.2,0.8,0.5,1.2,0.077,0.3,-0.4,-0.2,0.4,86.2,8719320
"Mo Bamba",1,0,0,0,0,0,0,22,0,0,0,0,0,0,0,0,0,0,0,0,0,0,0,0,0,0,0,0,0,1,0,0,0,0,0,0,0,0,0,13,0,8.7,2.2,4.2,0.3,1.2,1.8,3,0.556,0.2,0.4,1.2,2.5,3.8,0.3,0.2,0.8,0.3,1.1,4.8,23.4,0.56,0.278,0.093,14.1,31.6,22.5,6.3,0.9,8,6.6,22.7,0.2,0.2,0.4,0.166,2,0.3,2.3,0.1,102.1,5697600
"Harrison Barnes",0,0,1,0,0,0,0,28,0,0,0,0,0,0,0,0,0,0,0,0,0,0,0,0,0,0,0,0,0,0,0,0,0,1,0,0,0,0,0,27,27,35.1,5.3,11,1.7,4.3,3.6,6.7,0.556,3.6,4.3,1.1,5.1,6.2,3.4,0.8,0.2,1.4,1.1,15.8,15.7,0.615,0.392,0.389,3.3,16.2,9.7,13.2,1.1,0.4,9.9,17.3,2,0.1,2,0.102,1.6,-1.5,0.1,0.5,95.3,24147727
"RJ Barrett",0,0,0,0,0,0,1,20,0,0,0,0,0,0,0,0,0,0,0,0,0,0,0,0,0,0,0,1,0,0,0,0,0,0,0,0,0,0,0,30,30,33.7,6.2,14.6,1,3.4,5.2,11.2,0.463,3,4,1.3,4.9,6.2,3.1,0.7,0.2,1.9,2.5,16.5,13.1,0.504,0.233,0.275,4.1,15,9.6,14.7,1.1,0.6,10.4,23.9,0,1.2,1.2,0.058,-1.6,-0.6,-2.2,0,91.6,7839960
"Will Barton",0,0,0,0,1,0,0,30,0,0,0,0,0,0,0,1,0,0,0,0,0,0,0,0,0,0,0,0,0,0,0,0,0,0,0,0,0,0,0,25,21,29.8,4.4,10,1.6,4,2.8,6,0.516,1.3,1.8,0.5,3.2,3.7,3.2,0.8,0.4,1.5,1.8,11.6,11.6,0.54,0.396,0.176,1.8,12.4,7.1,14.7,1.3,1.4,12.4,17.9,0.4,0.5,0.9,0.06,-0.9,-1.3,-2.2,0,79.4,12776786
"Keita Bates-Diop",0,0,0,0,1,0,0,25,0,0,0,0,0,0,0,0,0,0,0,0,0,0,0,0,0,0,0,0,0,0,0,0,0,0,1,0,0,0,0,8,0,3.4,0,1.1,0,0.5,0,0.6,0,0.6,0.8,0.1,0.3,0.4,0.3,0.1,0,0,0,0.6,0.3,0.215,0.444,0.667,3.7,7.9,5.8,8.6,1.8,0,0,18.5,-0.1,0,-0.1,-0.151,-8.2,-4.4,-12.5,-0.1,106.6,1416852
"Nicolas Batum",0,0,0,0,1,0,0,32,0,0,0,0,0,0,0,0,0,0,0,0,1,0,0,0,0,0,0,0,0,0,0,0,0,0,0,0,0,0,0,27,27,29.9,3.3,6.8,2.1,4.6,1.2,2.1,0.648,1,1.1,0.9,4,4.9,2.3,1.4,0.4,0.7,1.7,9.7,14.8,0.67,0.683,0.164,3.4,14.6,9.2,10.3,2.3,1.1,8.8,11.8,1.8,1,2.7,0.163,1.5,0.5,2,0.8,95.3,25565217
"Aron Baynes",1,0,0,0,0,0,0,34,0,0,0,0,0,0,0,0,0,0,0,0,0,0,0,0,0,0,0,0,0,0,0,0,0,0,0,1,0,0,0,25,24,18.8,2.4,5.8,0.5,2.2,1.9,3.7,0.452,0.3,0.4,1.5,3.9,5.4,1,0.3,0.3,0.8,2.5,5.6,8.4,0.463,0.37,0.062,8.4,23.9,15.9,7.5,0.7,1.7,11.8,15.4,-0.1,0.4,0.3,0.031,-4.3,-1.4,-5.7,-0.4,117.9,5453280
"Kent Bazemore",0,0,0,0,1,0,0,31,0,0,0,0,0,0,0,0,0,1,0,0,0,0,0,0,0,0,0,0,0,0,0,0,0,0,0,0,0,0,0,27,0,16.6,2.5,4.9,1,2.3,1.5,2.6,0.621,0.9,1.1,0.5,2.6,3.1,1.6,0.8,0.6,1,2.2,7,14.7,0.647,0.462,0.227,3.1,16.3,9.8,13.6,2.3,3.1,16.2,16.4,0.5,0.7,1.2,0.133,-0.8,2.2,1.5,0.4,88.5,19269663
"Darius Bazley",0,0,1,0,0,0,0,20,0,0,0,0,0,0,0,0,0,0,0,0,0,0,0,0,0,0,0,0,1,0,0,0,0,0,0,0,0,0,0,28,28,31.1,4.5,11.5,1.5,5.3,3,6.3,0.458,1.6,2.1,0.5,6.9,7.4,1.8,0.5,0.7,1.8,1,12.2,9.6,0.489,0.455,0.186,1.8,22.7,12.4,8.7,0.7,2,12.3,19.8,-1.1,1,-0.1,-0.003,-3.1,-0.9,-4,-0.4,90.7,2284800
"Bradley Beal",0,0,0,0,0,0,1,27,0,0,0,0,0,0,0,0,0,0,0,0,0,0,0,0,0,0,0,0,0,0,0,0,0,0,0,0,0,0,1,24,24,35.3,11.4,24,2.5,7.4,8.9,16.6,0.525,7.5,8.4,1.4,3.8,5.2,4.7,1.3,0.5,3.1,2.5,32.8,24.8,0.591,0.308,0.348,3.9,11.7,7.7,25,1.7,1.2,10.1,36.2,2,0.5,2.5,0.141,6.3,-1.4,4.9,1.5,93.9,27093018
"Malik Beasley",0,0,0,0,0,0,1,24,0,0,0,0,0,0,0,0,0,0,0,0,0,0,0,0,0,1,0,0,0,0,0,0,0,0,0,0,0,0,0,29,28,32.8,7.7,17,3.4,8.7,4.3,8.3,0.557,2,2.4,0.9,4,4.9,2.5,0.9,0.2,1.7,1.7,20.9,16.7,0.581,0.51,0.142,2.8,13.7,8,12.7,1.2,0.4,8.4,25.2,1.2,0.4,1.6,0.081,2.5,-2.1,0.5,0.6,89.8,2731713
"Jordan Bell",1,0,0,0,0,0,0,26,0,0,0,0,0,0,0,0,0,0,0,0,0,0,0,0,0,0,0,0,0,0,0,0,0,0,0,0,0,0,1,3,1,16.7,1.7,5,0,0.7,1.7,4.3,0.333,0,0,1.7,3.7,5.3,1.7,0.3,1,1,1.3,3.3,8,0.333,0.133,0,10.1,23.9,16.8,13.3,0.9,5.2,16.7,14.9,-0.1,0.1,0,-0.037,-5.1,-1.2,-6.3,-0.1,101.6,1870564
"Patrick Beverley",0,0,0,1,0,0,0,32,0,0,0,0,0,0,0,0,0,0,0,0,1,0,0,0,0,0,0,0,0,0,0,0,0,0,0,0,0,0,0,20,20,24.2,2.7,6.2,1.8,4,1,2.3,0.577,1.1,1.5,1,3.2,4.2,2.2,1,0.8,0.8,3.4,8.3,13.7,0.603,0.637,0.234,4.8,14.5,9.8,11.7,2,2.8,9.9,13.9,0.9,0.6,1.5,0.151,-0.1,0.9,0.8,0.3,81.6,12345680
"Khem Birch",1,0,0,0,0,0,0,28,0,0,0,0,0,0,0,0,0,0,0,0,0,0,0,0,0,0,0,0,0,1,0,0,0,0,0,0,0,0,0,29,0,21.8,2.5,4.8,0.1,0.4,2.4,4.4,0.525,1.6,2.1,2.8,3.2,6,1.2,0.7,0.7,0.7,1.7,6.7,16.1,0.577,0.086,0.443,12.6,15.9,14.2,7.8,1.5,3,10.2,12.6,1.2,0.7,1.9,0.147,-0.8,-0.4,-1.2,0.1,94.8,3e+06
"Goga Bitadze",1,0,0,0,0,0,0,21,0,0,0,0,0,0,0,0,0,0,0,1,0,0,0,0,0,0,0,0,0,0,0,0,0,0,0,0,0,0,0,13,0,9.5,1.7,2.9,0.2,0.9,1.5,2,0.605,0.7,0.9,0.7,1.5,2.2,0.2,0.2,1.1,0.3,1.8,4.2,18.3,0.635,0.316,0.316,8.1,17.5,12.9,3.5,1.2,9.8,8.5,16.5,0.2,0.2,0.4,0.173,-2.1,2.2,0.1,0.1,113.4,2816760
"Bismack Biyombo",1,0,0,0,0,0,0,28,0,0,0,0,1,0,0,0,0,0,0,0,0,0,0,0,0,0,0,0,0,0,0,0,0,0,0,0,0,0,0,26,16,22.5,2.7,4.6,0,0,2.7,4.5,0.58,0.8,1.8,2.2,3.6,5.8,1.3,0.2,1.2,0.9,2.3,6.1,12.6,0.569,0.008,0.395,10.2,17.4,13.8,8,0.5,5.5,14.1,11.8,0.6,0.6,1.2,0.099,-2.4,-0.5,-2.9,-0.1,103.9,1.7e+07
"Nemanja Bjelica",0,0,1,0,0,0,0,32,0,0,0,0,0,0,0,0,0,0,0,0,0,0,0,0,0,0,0,0,0,0,0,0,0,1,0,0,0,0,0,13,0,16.2,2.3,5.2,0.5,2,1.8,3.2,0.5,1.8,2.2,0.9,2.8,3.8,2.2,0,0.2,1.2,1.8,6.9,12.6,0.567,0.388,0.418,6.2,19.4,12.7,18,0,0.8,16.8,19.3,0.2,0,0.2,0.049,-1.4,-1.9,-3.4,-0.1,101.6,6825000
"Eric Bledsoe",0,0,0,0,0,0,1,31,0,0,0,0,0,0,0,0,0,0,0,0,0,0,0,0,0,0,1,0,0,0,0,0,0,0,0,0,0,0,0,27,26,28.9,4.6,10.5,2.2,5.4,2.4,5.1,0.54,1.3,2,0.5,3.1,3.6,3.7,0.7,0.3,1.7,1.5,12.7,12.6,0.556,0.518,0.19,1.8,11.8,6.8,17.7,1.1,0.9,13.2,19.4,0.7,0.2,0.9,0.055,-0.3,-1.7,-2.1,0,88.5,15625000
"Isaac Bonga",0,0,0,0,1,0,0,21,0,0,0,0,0,0,0,0,0,0,0,0,0,0,0,0,0,0,0,0,0,0,0,0,0,0,0,0,0,0,1,17,7,13.5,0.8,2.1,0.5,1.3,0.3,0.8,0.514,0.1,0.2,0.5,1.8,2.2,0.5,0.2,0.2,0.4,1.6,2.3,5,0.523,0.611,0.083,3.5,14.2,8.6,4.9,0.8,1.5,15.8,8,0,0.1,0.1,0.021,-4.6,-1.6,-6.2,-0.2,90.7,1416852
"Devin Booker",0,0,0,0,0,0,1,24,0,0,0,0,0,0,0,0,0,0,0,0,0,0,0,0,0,0,0,0,0,0,0,1,0,0,0,0,0,0,0,23,23,35.2,9,18.2,2,5.8,6.9,12.4,0.548,4.4,5.3,0.2,3.5,3.7,4.4,0.9,0.3,3.5,3.3,24.4,17.2,0.593,0.317,0.294,0.6,10.8,5.8,20.9,1.2,0.8,14.6,30.7,0.6,0.8,1.4,0.082,0.2,-1.1,-0.9,0.2,93.4,27285000
"Chris Boucher",1,0,0,0,0,0,0,28,0,0,0,0,0,0,0,0,0,0,0,0,0,0,0,0,0,0,0,0,0,0,0,0,0,0,0,1,0,0,0,28,0,23.4,4.8,9,1.6,3.6,3.1,5.4,0.617,2.5,3.3,2,4.8,6.8,1,0.5,2.1,0.7,2.7,13.6,23.4,0.65,0.405,0.365,9,23.5,16,7,1,9.2,6.1,20.3,2.1,1,3.1,0.226,3.5,0.3,3.8,1,90.7,1588231
"Avery Bradley",0,0,0,0,0,0,1,30,0,0,0,0,0,0,0,0,0,0,0,0,0,0,0,1,0,0,0,0,0,0,0,0,0,0,0,0,0,0,0,10,1,21.1,3.1,6.6,1.6,3.8,1.5,2.8,0.591,0.7,0.9,0.2,1.6,1.8,1.4,0.7,0.1,0.9,2.6,8.5,10.4,0.607,0.576,0.136,1.1,8.1,4.8,10.3,1.6,0.5,11.4,16.7,0.1,0.2,0.3,0.071,-2.7,-0.6,-3.2,-0.1,88.5,6767000
"Tony Bradley",1,0,0,0,0,0,0,23,0,0,0,0,0,0,0,0,0,0,0,0,0,0,0,0,0,0,0,0,0,0,1,0,0,0,0,0,0,0,0,10,1,11.7,1.9,3.6,0,0.1,1.9,3.5,0.528,0.3,0.5,2.1,2.9,5,0.6,0.3,0.6,0.1,1.1,4.1,20.3,0.537,0.028,0.139,20.4,26.3,23.4,7.3,1.2,4.6,2.6,14.1,0.3,0.2,0.5,0.207,1.9,-0.6,1.3,0.1,112.5,1962360
"Ignas Brazdeikis",0,0,0,0,1,0,0,22,0,0,0,0,0,0,0,0,0,0,0,0,0,0,0,0,0,0,0,1,0,0,0,0,0,0,0,0,0,0,0,4,0,1.8,0,0.3,0,0,0,0.3,0,0.5,0.5,0.3,0.3,0.5,0.3,0,0,0.3,0,0.5,11.4,0.532,0,2,15.2,14.7,15,17.8,0,0,34.7,18.2,0,0,0,0.03,-2.9,-1.9,-4.8,0,98,898310
"Mikal Bridges",0,0,0,0,1,0,0,24,0,0,0,0,0,0,0,0,0,0,0,0,0,0,0,0,0,0,0,0,0,0,0,1,0,0,0,0,0,0,0,27,27,33.3,5.1,10.1,2,4.9,3.1,5.1,0.601,2,2.4,1.4,4,5.3,2.1,0.6,1,0.7,1.9,14.1,16.3,0.634,0.489,0.243,4.7,12.9,8.9,9.1,0.9,2.6,6.2,16,2,1,3.1,0.164,2.1,0.5,2.5,1,94.8,4161000
"Miles Bridges",0,0,1,0,0,0,0,22,0,0,0,0,1,0,0,0,0,0,0,0,0,0,0,0,0,0,0,0,0,0,0,0,0,0,0,0,0,0,0,28,2,26.7,3.8,8,1.3,3.5,2.5,4.5,0.549,1.1,1.2,1.3,4.5,5.8,1.9,0.7,0.8,1.8,2.4,9.9,12,0.581,0.442,0.147,5.2,18.1,11.6,10.2,1.3,3,17,16.4,0.3,0.8,1.1,0.07,-1.8,-0.3,-2.1,0,102.1,3755400
"Malcolm Brogdon",0,0,0,1,0,0,0,28,0,0,0,0,0,0,0,0,0,0,0,1,0,0,0,0,0,0,0,0,0,0,0,0,0,0,0,0,0,0,0,29,29,36,8.1,18.4,2.7,6.7,5.5,11.7,0.514,2.7,2.9,0.8,4.1,4.8,6.6,1.3,0.3,2.1,1.9,21.6,18.3,0.548,0.365,0.159,2.4,12.3,7.4,28.1,1.7,0.7,9.5,26.2,1.5,1,2.5,0.115,3,-1.1,2,1,101.2,2e+07
"Dillon Brooks",0,0,0,0,1,0,0,25,0,0,0,0,0,0,0,0,0,0,0,0,0,0,1,0,0,0,0,0,0,0,0,0,0,0,0,0,0,0,0,24,24,29.2,6.1,15.4,1.9,6,4.2,9.4,0.459,1.7,2.1,1,2.2,3.3,2.6,1.3,0.4,2.3,3.3,15.8,10.3,0.485,0.389,0.135,3.8,8.6,6.1,13.2,2.2,1.2,12.3,27.1,-0.9,0.6,-0.3,-0.022,-3.5,-2.1,-5.6,-0.6,102.1,1618520
"Bruce Brown",0,0,0,1,0,0,0,24,0,0,1,0,0,0,0,0,0,0,0,0,0,0,0,0,0,0,0,0,0,0,0,0,0,0,0,0,0,0,0,26,13,19.2,2.7,4.9,0.2,0.8,2.6,4.1,0.57,0.8,1.1,1.3,3.1,4.4,1,0.7,0.4,0.8,1.8,6.4,12.8,0.59,0.172,0.227,7.9,17.2,12.8,7.1,1.6,1.7,13.5,14.1,0.5,0.4,0.9,0.091,-2.1,-0.8,-2.8,-0.1,86.2,1416852
"Jaylen Brown",0,0,0,0,0,0,1,24,0,1,0,0,0,0,0,0,0,0,0,0,0,0,0,0,0,0,0,0,0,0,0,0,0,0,0,0,0,0,0,26,26,33.4,9.9,19.5,2.4,5.9,7.5,13.6,0.568,3.7,4.8,1.2,4.3,5.5,3.6,1.2,0.6,2.8,3,25.9,22.3,0.598,0.303,0.246,3.9,14.9,9.2,19.5,1.7,1.6,11.6,31.4,1.7,0.9,2.6,0.146,4.9,-0.5,4.4,1.4,101.2,6534829
"Sterling Brown",0,0,0,0,0,0,1,25,0,0,0,0,0,0,0,0,0,0,1,0,0,0,0,0,0,0,0,0,0,0,0,0,0,0,0,0,0,0,0,26,1,21.4,2.8,6.2,1.5,3.8,1.2,2.4,0.575,0.4,0.4,0.8,3.1,3.9,1.8,1,0.3,0.7,2,7.5,12.9,0.59,0.613,0.063,3.8,15.6,9.6,12,2.1,1.1,9.4,13.9,0.7,0.8,1.5,0.127,-1,1,0,0.3,104.3,1618520
"Jalen Brunson",0,0,0,1,0,0,0,24,0,0,0,0,0,0,1,0,0,0,0,0,0,0,0,0,0,0,0,0,0,0,0,0,0,0,0,0,0,0,0,24,6,24.1,4.3,8.3,1.1,2.8,3.2,5.5,0.58,2,2.3,0.2,3,3.2,3.6,0.4,0,1.2,1.5,11.7,16.4,0.626,0.34,0.27,0.9,13.6,7.2,22.6,0.8,0,11.5,19.2,1.3,0.2,1.5,0.121,1.2,-1.8,-0.6,0.2,86.2,1416852
"Thomas Bryant",1,0,0,0,0,0,0,23,0,0,0,0,0,0,0,0,0,0,0,0,0,0,0,0,0,0,0,0,0,0,0,0,0,0,0,0,0,0,1,10,10,27.1,5.9,9.1,0.9,2.1,5,7,0.698,1.6,2.4,1.8,4.3,6.1,1.5,0.4,0.8,1.1,3.1,14.3,18.8,0.704,0.231,0.264,6.7,17.2,11.8,8.7,0.7,2.6,9.8,17.2,0.7,0.2,0.9,0.157,2.1,-1.7,0.4,0.2,109.3,8e+06
"Reggie Bullock",0,0,0,0,1,0,0,29,0,0,0,0,0,0,0,0,0,0,0,0,0,0,0,0,0,0,0,1,0,0,0,0,0,0,0,0,0,0,0,25,25,26.8,3.1,7.6,1.8,4.6,1.4,3,0.526,0.5,0.6,0.3,3.2,3.5,1.4,0.7,0.2,0.7,2.5,8.5,8.9,0.54,0.605,0.084,1.1,12.3,6.8,7.4,1.3,0.9,8.4,14.2,0.2,0.8,1,0.074,-2.4,0.7,-1.7,0.1,90.7,4e+06
"Alec Burks",0,0,0,0,0,0,1,29,0,0,0,0,0,0,0,0,0,0,0,0,0,0,0,0,0,0,0,1,0,0,0,0,0,0,0,0,0,0,0,18,3,25.5,3.6,9,2,4.9,1.6,4.1,0.506,1.9,2.4,0.5,4.1,4.6,2.1,0.8,0.3,1.1,1.7,11.1,13.5,0.55,0.543,0.265,2.1,16.6,9.5,12.5,1.6,1.1,10,19.3,0.4,0.7,1,0.107,0.3,0.2,0.5,0.3,88.5,2320044
"Jimmy Butler",0,0,0,0,1,0,0,31,0,0,0,0,0,0,0,0,0,0,0,0,0,0,0,1,0,0,0,0,0,0,0,0,0,0,0,0,0,0,0,16,16,32.9,6,13.7,0.3,1.5,5.8,12.2,0.447,7.2,8.4,1.8,5.9,7.7,7.4,1.9,0.4,2.1,1.1,19.4,24.2,0.559,0.11,0.612,6.5,19,13.1,36.8,2.9,1.2,10.9,26.4,1.5,0.8,2.3,0.213,3.3,2.5,5.8,1,99.8,32742000
"Kentavious Caldwell-Pope",0,0,0,0,0,0,1,27,0,0,0,0,0,0,0,0,0,0,0,0,0,1,0,0,0,0,0,0,0,0,0,0,0,0,0,0,0,0,0,25,25,25.1,3,6.7,1.6,3.7,1.4,3,0.563,0.9,1.1,0.3,1.9,2.2,1.3,0.8,0.3,1,1.6,8.5,9.8,0.589,0.548,0.161,1.5,8.3,5,7,1.5,1.1,11.8,14.1,0.4,0.9,1.3,0.101,-1.6,-0.1,-1.7,0.1,92.5,8089282
"Clint Capela",1,0,0,0,0,0,0,26,1,0,0,0,0,0,0,0,0,0,0,0,0,0,0,0,0,0,0,0,0,0,0,0,0,0,0,0,0,0,0,25,25,29.3,6.3,10.9,0,0,6.3,10.9,0.579,1.6,3.1,4.6,9.4,14,1,0.8,2.2,1.4,2.3,14.3,23.1,0.582,0,0.282,17,34.4,25.8,5.4,1.3,6.4,10.2,19.9,1.4,1.3,2.7,0.179,2,0.4,2.4,0.8,95.7,16896552
"Jevon Carter",0,0,0,1,0,0,0,25,0,0,0,0,0,0,0,0,0,0,0,0,0,0,0,0,0,0,0,0,0,0,0,1,0,0,0,0,0,0,0,23,0,11.1,1.1,3.2,0.6,2.1,0.5,1,0.438,0.1,0.1,0.1,1.3,1.4,1.1,0.4,0.3,0.2,1.2,2.9,8.3,0.447,0.671,0.027,1.3,12.3,6.9,13.5,1.9,2.1,6.3,13.8,0,0.3,0.3,0.056,-3.5,2.1,-1.3,0,90.7,1416852
"Michael Carter-Williams",0,0,0,0,0,0,1,29,0,0,0,0,0,0,0,0,0,0,0,0,0,0,0,0,0,0,0,0,0,1,0,0,0,0,0,0,0,0,0,10,5,24.6,2.9,8.2,0.2,1.7,2.7,6.5,0.366,1.7,2.3,1.8,2.9,4.7,3,0.5,0.4,1.6,2.7,7.7,8.2,0.418,0.207,0.28,7.3,12.7,9.9,17.6,1,1.5,14.8,18.7,-0.3,0.2,-0.1,-0.014,-4.9,-0.8,-5.7,-0.2,83.5,2028594
"Alex Caruso",0,0,0,1,0,0,0,26,0,0,0,0,0,0,0,0,0,0,0,0,0,1,0,0,0,0,0,0,0,0,0,0,0,0,0,0,0,0,0,22,0,18.7,2,4.4,1,2.3,1,2.1,0.577,0.5,0.5,0.5,1.9,2.4,2.3,1,0.2,1.1,1.6,5.5,11.5,0.596,0.515,0.124,3.1,11,7.2,16,2.6,0.8,19.6,13.4,0.3,0.8,1,0.122,-1.5,2.2,0.7,0.3,84.4,2750000
"Willie Cauley-Stein",1,0,0,0,0,0,0,27,0,0,0,0,0,0,1,0,0,0,0,0,0,0,0,0,0,0,0,0,0,0,0,0,0,0,0,0,0,0,0,26,10,17.5,2.4,3.8,0,0.2,2.3,3.6,0.631,1.1,1.7,1.3,3.3,4.6,0.8,0.3,0.7,0.5,2.5,5.9,14.8,0.646,0.051,0.444,7.9,21.2,14.5,6.2,1,4,10.6,12.8,0.9,0.4,1.3,0.137,-1.8,0.5,-1.4,0.1,109.8,2177483
"Gary Clark",0,0,0,0,1,0,0,26,0,0,0,0,0,0,0,0,0,0,0,0,0,0,0,0,0,0,0,0,0,1,0,0,0,0,0,0,0,0,0,26,11,21,1.2,3.9,0.9,3.3,0.3,0.6,0.407,0.2,0.3,1.1,2.5,3.6,0.9,0.3,0.2,0.6,1.1,3.4,5.3,0.423,0.853,0.069,5.3,12.7,8.8,5.8,0.8,0.8,12.5,9.4,-0.2,0.4,0.2,0.014,-4.3,-1.2,-5.5,-0.5,102.1,1427191
"Brandon Clarke",0,0,1,0,0,0,0,24,0,0,0,0,0,0,0,0,0,0,0,0,0,0,1,0,0,0,0,0,0,0,0,0,0,0,0,0,0,0,0,20,13,27.2,5.6,11.1,0.6,1.8,5,9.3,0.525,1.3,2.1,1.6,4,5.6,1.8,1.2,0.8,0.7,1.7,13,16.6,0.539,0.162,0.185,6.3,16.5,11.3,9.8,2.1,2.5,5.5,19.9,0.6,0.6,1.2,0.107,-0.3,0,-0.3,0.2,97.5,2478840
"Jordan Clarkson",0,0,0,0,0,0,1,28,0,0,0,0,0,0,0,0,0,0,0,0,0,0,0,0,0,0,0,0,0,0,0,0,0,0,0,0,0,1,0,29,0,26.2,6.7,14.8,3.2,8.5,3.4,6.3,0.563,1.6,1.7,0.9,3.2,4.1,2.1,1,0.2,1.9,1.4,18.2,19,0.588,0.575,0.112,3.9,12.3,8.3,13.5,1.8,0.7,10.7,28.4,1.2,1.1,2.3,0.145,3.4,-0.4,3,1,84.4,13437500
"John Collins",0,0,1,0,0,0,0,23,1,0,0,0,0,0,0,0,0,0,0,0,0,0,0,0,0,0,0,0,0,0,0,0,0,0,0,0,0,0,0,28,28,31.6,7.1,13,1.4,3.4,5.7,9.6,0.6,2.6,3,2.2,5.4,7.6,1.6,0.5,1,1.4,3.4,18.2,19.3,0.635,0.261,0.228,7.5,18.2,12.9,8.4,0.7,2.7,8.9,21.2,2.2,0.8,3,0.162,2.2,-0.4,1.8,0.8,102.1,2686560
"Mike Conley",0,0,0,1,0,0,0,33,0,0,0,0,0,0,0,0,0,0,0,0,0,0,0,0,0,0,0,0,0,0,0,0,0,0,0,0,0,1,0,23,23,29.3,5.7,12.7,2.8,6.8,2.9,5.9,0.56,2.3,2.8,1,2.7,3.7,5.8,1.4,0.1,2,1.8,16.5,19.8,0.593,0.536,0.223,3.8,9.2,6.6,30.2,2.3,0.2,12.6,23.3,1.9,1,2.9,0.207,3.7,0.4,4.1,1,83.9,32511623
"Pat Connaughton",0,0,0,0,0,0,1,28,0,0,0,0,0,0,0,0,0,0,0,0,0,0,0,0,1,0,0,0,0,0,0,0,0,0,0,0,0,0,0,25,0,19,2.2,5.1,1.3,3.4,0.9,1.7,0.566,0.2,0.3,0.9,2.9,3.8,1.4,0.7,0.5,0.3,1.3,6,13.2,0.57,0.672,0.063,5,15.9,10.6,9,1.7,2.3,5.1,12.2,0.8,0.5,1.3,0.133,1,0.3,1.2,0.4,97.5,1723050
"Quinn Cook",0,0,0,1,0,0,0,27,0,0,0,0,0,0,0,0,0,0,0,0,0,1,0,0,0,0,0,0,0,0,0,0,0,0,0,0,0,0,0,15,0,3.4,0.6,1.4,0.3,0.7,0.3,0.7,0.524,0.3,0.3,0,0.3,0.3,0.3,0.1,0,0.2,0.1,1.7,12.4,0.56,0.524,0.238,0,10.6,5.5,14.2,0.9,0,11.5,22.3,0,0.1,0.1,0.09,-1.9,-1.4,-3.3,0,81.6,3e+06
"DeMarcus Cousins",1,0,0,0,0,0,0,30,0,0,0,0,0,0,0,0,0,0,1,0,0,0,0,0,0,0,0,0,0,0,0,0,0,0,0,0,0,0,0,25,11,20.2,3.2,8.4,1.6,4.6,1.6,3.8,0.469,1.8,2.4,1.2,6.4,7.6,2.4,0.8,0.7,1.6,3,9.6,15.1,0.511,0.552,0.281,6.2,34.1,20,17.9,2,3.1,14.2,23.1,-0.1,1.1,1,0.094,-1.5,1.9,0.4,0.3,122.5,3500000
"Robert Covington",0,0,1,0,0,0,0,30,0,0,0,0,0,0,0,0,0,0,0,0,0,0,0,0,0,0,0,0,0,0,0,0,1,0,0,0,0,0,0,26,26,31.4,2.7,7.2,1.7,5.1,1,2.1,0.489,0.6,0.7,0.8,5.4,6.2,1.8,1.6,0.9,1,2.6,7.6,10,0.511,0.71,0.097,2.5,19.1,10.4,7.5,2.5,2.7,12.2,11.6,0.1,0.8,0.9,0.054,-2.6,0.9,-1.7,0.1,94.8,11301219
"Torrey Craig",0,0,0,0,1,0,0,30,0,0,0,0,0,0,0,0,0,0,0,0,0,0,0,0,1,0,0,0,0,0,0,0,0,0,0,0,0,0,0,15,0,11.7,1.1,2.5,0.5,1.2,0.6,1.3,0.568,0.1,0.1,0.8,1.8,2.6,0.8,0.5,0.3,0.3,1.5,2.9,11.6,0.568,0.486,0.054,7.5,15.9,11.8,8.2,2.2,2.6,11.7,10.3,0.2,0.2,0.4,0.123,-1.4,1.2,-0.2,0.1,97.5,2e+06
"Jae Crowder",0,0,1,0,0,0,0,30,0,0,0,0,0,0,0,0,0,0,0,0,0,0,0,0,0,0,0,0,0,0,0,1,0,0,0,0,0,0,0,24,16,27.9,3.4,8.9,2.4,6.9,1,2,0.512,1.2,1.4,0.4,4.8,5.2,2.2,0.9,0.2,0.8,2,10.3,11.5,0.54,0.771,0.154,1.7,18.6,10.3,10.6,1.6,0.7,7.7,16.6,0.4,0.9,1.3,0.092,-0.3,0.6,0.3,0.4,106.6,7815533
"Jarrett Culver",0,0,0,0,0,0,1,21,0,0,0,0,0,0,0,0,0,0,0,0,0,0,0,0,0,1,0,0,0,0,0,0,0,0,0,0,0,0,0,16,7,21.2,3.2,6.9,0.5,1.9,2.7,5,0.495,1.3,2.1,1.6,3.4,5,0.9,0.7,0.4,1.3,2.4,8.1,10.7,0.518,0.279,0.297,7.5,18.4,12.7,6.4,1.5,1.5,14.3,18.2,-0.1,0.3,0.1,0.021,-4.2,-1.6,-5.8,-0.3,88.5,5813640
"Seth Curry",0,0,0,0,0,0,1,30,0,0,0,0,0,0,0,0,0,0,0,0,0,0,0,0,0,0,0,0,0,0,1,0,0,0,0,0,0,0,0,22,22,29,4.6,9.3,2.1,4.4,2.5,4.9,0.613,1.8,1.8,0.2,1.7,1.9,2.7,0.8,0.3,1.4,1.7,13.1,14.1,0.652,0.471,0.196,0.9,6.2,3.6,13.2,1.3,0.8,12.3,16.7,1.2,0.5,1.7,0.125,0.8,-1.2,-0.4,0.3,81.6,7461380
"Stephen Curry",0,0,0,1,0,0,0,32,0,0,0,0,0,0,0,0,0,1,0,0,0,0,0,0,0,0,0,0,0,0,0,0,0,0,0,0,0,0,0,29,29,34,10,20.3,5,11.8,5,8.6,0.614,5,5.3,0.4,4.9,5.3,6,1.2,0.1,3.2,1.9,30,25.6,0.661,0.578,0.261,1.4,14.8,8.2,31.4,1.7,0.2,12.4,32.2,3.1,1.2,4.3,0.21,7.5,0,7.6,2.4,83.9,40231758
"Anthony Davis",0,0,1,0,0,0,0,27,0,0,0,0,0,0,0,0,0,0,0,0,0,1,0,0,0,0,0,0,0,0,0,0,0,0,0,0,0,0,0,23,23,32.8,8.9,16.7,0.7,2.5,8.1,14.1,0.555,4,5.7,2,6.3,8.4,3,1.3,1.8,2,1.8,22.5,24.7,0.588,0.151,0.339,7.2,20.9,14.3,15.5,2,4.6,9.3,27.9,1.6,1.7,3.3,0.212,4.3,2.1,6.4,1.6,100.7,27093019
"Ed Davis",1,0,0,0,0,0,0,31,0,0,0,0,0,0,0,0,0,0,0,0,0,0,0,0,0,1,0,0,0,0,0,0,0,0,0,0,0,0,0,19,7,13.9,0.9,2.3,0,0,0.9,2.3,0.419,0.4,0.4,2,3.1,5.1,1,0.5,0.5,0.3,2.6,2.3,12.2,0.462,0,0.186,14.7,25.4,19.8,9.3,1.8,3.1,11.4,8.4,0.3,0.3,0.6,0.117,-3.8,0.4,-3.4,-0.1,97.5,4767000
"DeMar DeRozan",0,0,1,0,0,0,0,31,0,0,0,0,0,0,0,0,0,0,0,0,0,0,0,0,0,0,0,0,0,0,0,0,0,0,1,0,0,0,0,25,25,33.4,6.6,13.4,0.6,1.9,5.9,11.5,0.512,6,6.8,0.8,4.2,5,6.9,0.8,0.3,1.6,1.8,19.8,21.7,0.603,0.143,0.503,2.3,13.5,7.8,30.8,1.1,0.8,9.1,23.2,2.7,0.8,3.5,0.199,3.9,-0.1,3.8,1.2,99.8,27739975
"Hamidou Diallo",0,0,0,0,0,0,1,22,0,0,0,0,0,0,0,0,0,0,0,0,0,0,0,0,0,0,0,0,1,0,0,0,0,0,0,0,0,0,0,28,5,24,4.7,9.8,0.4,1.4,4.3,8.5,0.5,2.7,4.1,1.1,4.3,5.4,2.5,1,0.4,1.5,2.5,12.5,15.9,0.539,0.138,0.418,5,18.2,11.7,16.5,2,1.3,11.4,23.6,0.3,0.9,1.2,0.085,-1.7,0.4,-1.3,0.1,89.8,1416852
"Gorgui Dieng",1,0,0,0,0,0,0,31,0,0,0,0,0,0,0,0,0,0,0,0,0,0,1,0,0,0,0,0,0,0,0,0,0,0,0,0,0,0,0,19,1,17.7,2.6,4.9,1.1,2.1,1.6,2.8,0.638,1.4,1.6,1.4,3.4,4.8,1.4,0.8,0.7,1.1,1.8,7.7,18.6,0.678,0.426,0.33,8.6,21.6,14.9,10.6,2.3,3.6,15.7,16.1,0.7,0.5,1.2,0.169,1.2,0.8,2,0.3,104.3,16229213
"Spencer Dinwiddie",0,0,0,0,0,0,1,27,0,0,1,0,0,0,0,0,0,0,0,0,0,0,0,0,0,0,0,0,0,0,0,0,0,0,0,0,0,0,0,3,3,21.3,2,5.3,0.7,2.3,1.3,3,0.438,2,2,0,4.3,4.3,3,0.7,0.3,1.7,1.3,6.7,10.1,0.536,0.438,0.375,0,21.5,11.4,17.4,1.5,1.3,21.2,16,0,0.1,0.1,0.039,-3.4,2,-1.4,0,93,10605600
"Donte DiVincenzo",0,0,0,0,0,0,1,24,0,0,0,0,0,0,0,0,0,0,0,0,0,0,0,0,1,0,0,0,0,0,0,0,0,0,0,0,0,0,0,28,28,26.1,3.7,8.9,2,4.9,1.8,4,0.53,0.5,0.8,1,3.4,4.5,2.8,1.2,0.2,1.2,1.5,9.9,12.7,0.536,0.552,0.085,4.3,13.5,9.1,13.4,2.2,0.7,11.7,16.7,0.6,0.8,1.4,0.09,-0.3,-0.2,-0.4,0.3,93,2905800
"Damyean Dotson",0,0,0,0,0,0,1,26,0,0,0,0,0,1,0,0,0,0,0,0,0,0,0,0,0,0,0,0,0,0,0,0,0,0,0,0,0,0,0,24,6,20.4,3,7.2,1.1,3.8,1.9,3.4,0.486,0.8,1.1,0.2,1.7,1.8,2.2,0.5,0.1,0.8,0.9,7.8,9.9,0.504,0.532,0.15,0.9,9.4,5,16,1.1,0.6,9.8,17.9,0,0.2,0.2,0.02,-2,-1.2,-3.2,-0.2,91.6,1618520
"Sekou Doumbouya",0,0,1,0,0,0,0,20,0,0,0,0,0,0,0,0,1,0,0,0,0,0,0,0,0,0,0,0,0,0,0,0,0,0,0,0,0,0,0,24,1,13.1,1.5,4.3,0.4,1.6,1.1,2.6,0.402,0.7,1,0.6,1.8,2.4,0.6,0.4,0.1,0.7,1.5,4.1,6.1,0.441,0.382,0.225,5.1,16,10.4,6.6,1.6,0.6,12.5,17.7,-0.4,0.3,-0.1,-0.022,-5.6,-2,-7.5,-0.4,94.8,3285120
"Andre Drummond",1,0,0,0,0,0,0,27,0,0,0,0,0,1,0,0,0,0,0,0,0,0,0,0,0,0,0,0,0,0,0,0,0,0,0,0,0,0,0,25,25,28.9,7.2,15.2,0,0.3,7.2,14.9,0.474,3.1,5.2,4,9.4,13.5,2.6,1.6,1.2,3.2,2.8,17.5,20.9,0.5,0.021,0.339,15,37.5,25.9,15.8,2.7,3.6,15.6,30.8,-0.6,1.3,0.7,0.047,-0.5,0.2,-0.3,0.3,122.5,27093018
"Jared Dudley",0,0,1,0,0,0,0,35,0,0,0,0,0,0,0,0,0,0,0,0,0,1,0,0,0,0,0,0,0,0,0,0,0,0,0,0,0,0,0,6,0,3.7,0.2,0.2,0.2,0.2,0,0,1.5,0,0,0.2,0.8,1,0.2,0,0,0,0,0.5,11.5,1.5,1,0,5.3,24.6,15.3,5.5,0,0,0,2,0,0,0.1,0.178,2.2,-0.5,1.7,0,102.1,2564753
"Kevin Durant",0,0,1,0,0,0,0,32,0,0,1,0,0,0,0,0,0,0,0,0,0,0,0,0,0,0,0,0,0,0,0,0,0,0,0,0,0,0,0,19,18,35.7,9.9,18.9,2.6,5.9,7.3,12.9,0.592,6.6,7.6,0.4,6.9,7.3,5.3,0.7,1.4,3.5,2.3,29,25.1,0.652,0.315,0.404,1.2,20.6,11.5,23.5,1,3.3,13.7,31.2,2,0.6,2.6,0.182,5.4,0,5.4,1.2,104.3,37199000
"Carsen Edwards",0,0,0,0,0,0,1,22,0,1,0,0,0,0,0,0,0,0,0,0,0,0,0,0,0,0,0,0,0,0,0,0,0,0,0,0,0,0,0,13,1,10.3,1.8,4.2,0.8,2.3,1.1,1.9,0.527,0.5,0.7,0.2,0.8,1,0.4,0.3,0.1,0.2,1.2,5,12.2,0.551,0.545,0.164,1.6,9.4,5.4,5.6,1.5,0.7,3.3,19.5,0.2,0.1,0.3,0.096,-2.8,-1.6,-4.3,-0.1,90.7,1228026
"Wayne Ellington",0,0,0,0,0,0,1,33,0,0,0,0,0,0,0,0,1,0,0,0,0,0,0,0,0,0,0,0,0,0,0,0,0,0,0,0,0,0,0,21,18,22.9,3.7,8,2.7,6.2,1,1.9,0.624,0.6,0.8,0.3,1.6,2,1.1,0.4,0.2,0.7,1.5,10.6,12.8,0.633,0.769,0.095,1.6,8.3,4.8,8,0.8,0.8,7.4,17.1,0.7,0.2,0.9,0.092,1.9,-1.9,0,0.2,90.7,8e+06
"Joel Embiid",1,0,0,0,0,0,0,26,0,0,0,0,0,0,0,0,0,0,0,0,0,0,0,0,0,0,0,0,0,0,1,0,0,0,0,0,0,0,0,23,23,32.5,9.4,17.5,1.2,3,8.3,14.5,0.573,9.7,11.3,1.9,8.9,10.8,3.1,1.3,1.2,3.4,2.5,29.7,30.8,0.661,0.169,0.649,6.7,28.9,18.2,16.6,1.9,3.3,13.3,33.6,2.9,1.3,4.3,0.273,6.4,1.5,7.9,1.9,113.4,27504630
"James Ennis",0,0,0,0,1,0,0,30,0,0,0,0,0,0,0,0,0,0,0,0,0,0,0,0,0,0,0,0,0,1,0,0,0,0,0,0,0,0,0,20,19,21.9,2.6,5.2,0.9,1.9,1.7,3.3,0.578,1.3,1.6,1.2,2.6,3.8,1.4,1,0.3,1,2.2,7.3,12.7,0.622,0.369,0.301,5.2,12.8,8.9,8.9,2.1,1.2,14.6,13.3,0.5,0.5,1,0.11,-2.3,0.7,-1.6,0,91.2,1882867
"Derrick Favors",1,0,0,0,0,0,0,29,0,0,0,0,0,0,0,0,0,0,0,0,0,0,0,0,0,0,0,0,0,0,0,0,0,0,0,0,0,1,0,27,0,16.4,2.4,3.9,0,0,2.4,3.9,0.629,1.4,1.7,2.1,3.5,5.6,0.9,0.6,1.1,0.6,2.5,6.3,20.6,0.675,0.01,0.438,14,21.4,17.9,8,1.6,5.2,11.3,13.6,1.4,0.9,2.4,0.257,0.4,2.2,2.6,0.5,111.6,17650000
"Terrance Ferguson",0,0,0,0,0,0,1,22,0,0,0,0,0,0,0,0,0,0,0,0,0,0,0,0,0,0,0,0,0,0,1,0,0,0,0,0,0,0,0,7,0,3.4,0,0.4,0,0.4,0,0,0,0,0,0,0.1,0.1,0.3,0,0,0.1,0.4,0,-5.9,0,1,0,0,4.4,2.3,9.7,0,0,25,7,-0.1,0,-0.1,-0.133,-10.3,-3,-13.3,-0.1,83.5,2475840
"Bruno Fernando",1,0,0,0,0,0,0,22,1,0,0,0,0,0,0,0,0,0,0,0,0,0,0,0,0,0,0,0,0,0,0,0,0,0,0,0,0,0,0,15,0,8.8,0.6,1.5,0,0.1,0.6,1.3,0.409,0.6,1,0.8,2.7,3.5,0.6,0.1,0.1,0.8,1,1.8,7.4,0.472,0.091,0.682,9.9,32.3,21.2,9.1,0.7,1.3,29.6,13.1,-0.1,0.2,0,0.007,-4.7,-0.3,-5,-0.1,111.1,1400000
"Yogi Ferrell",0,0,0,1,0,0,0,27,0,0,0,0,0,1,0,0,0,0,0,0,0,0,0,0,0,0,0,0,0,0,0,0,0,0,0,0,0,0,0,2,0,20,4,10.5,1.5,4.5,2.5,6,0.452,0,1,1.5,2,3.5,2.5,1.5,0.5,1.5,2,9.5,12.7,0.434,0.429,0.095,8,11.5,9.7,20.5,3.7,2.3,12.1,26.7,-0.1,0,0,-0.028,-1.9,0.4,-1.5,0,80.7,3150000
"Dorian Finney-Smith",0,0,1,0,0,0,0,27,0,0,0,0,0,0,1,0,0,0,0,0,0,0,0,0,0,0,0,0,0,0,0,0,0,0,0,0,0,0,0,19,19,30.7,3.3,7.4,1.9,5.1,1.4,2.3,0.582,0.5,0.6,1.5,3.3,4.8,1.2,1,0.4,0.6,2.7,9.1,11,0.595,0.693,0.086,5.2,11.9,8.6,5.4,1.6,1.3,7.6,11.8,0.7,0.3,1,0.085,-0.3,-0.6,-0.9,0.2,96.6,4e+06
"Bryn Forbes",0,0,0,0,0,0,1,27,0,0,0,0,0,0,0,0,0,0,0,0,0,0,0,0,1,0,0,0,0,0,0,0,0,0,0,0,0,0,0,28,5,18.4,3.5,7.2,2,4.3,1.4,2.9,0.621,0.5,0.7,0.2,1,1.1,0.5,0.3,0,0.7,1.2,9.5,11.8,0.629,0.599,0.099,1.1,5.4,3.3,3.4,0.6,0,8.3,18.7,0.6,0.2,0.8,0.076,0,-2.7,-2.7,-0.1,84.8,2875000
"Evan Fournier",0,0,0,0,1,0,0,28,0,0,0,0,0,0,0,0,0,0,0,0,0,0,0,0,0,0,0,0,0,1,0,0,0,0,0,0,0,0,0,15,15,28.7,5.8,12.9,2.3,6.2,3.5,6.7,0.539,4,5,0.3,2.3,2.5,3.6,1,0.4,2.1,2.3,17.9,17.5,0.593,0.482,0.389,0.9,8.5,4.6,20.7,1.7,1.3,12.1,25.5,0.7,0.4,1,0.116,1.4,-1,0.5,0.3,86.2,17150000
"De'Aaron Fox",0,0,0,1,0,0,0,23,0,0,0,0,0,0,0,0,0,0,0,0,0,0,0,0,0,0,0,0,0,0,0,0,0,1,0,0,0,0,0,26,26,33.1,8.4,17.7,1.8,5.4,6.6,12.3,0.528,4.5,6.6,0.7,2.6,3.3,6.8,1.2,0.5,3.1,2.7,23.2,19.9,0.564,0.304,0.372,2.3,8.7,5.5,33,1.8,1.3,13.1,30.6,1.4,0.1,1.5,0.081,2.8,-1.6,1.2,0.7,77.6,6392760
"Tim Frazier",0,0,0,1,0,0,0,30,0,0,0,0,0,0,0,0,0,0,0,0,0,0,1,0,0,0,0,0,0,0,0,0,0,0,0,0,0,0,0,3,0,11,0.7,2.7,0,0.7,0.7,2,0.25,0,0,0,1.3,1.3,2.3,0.3,0,1,1.3,1.3,0.3,0.25,0.25,0,0,13.7,6.7,25.8,1.5,0,27.3,14.2,-0.1,0,-0.1,-0.12,-10.9,-2.6,-13.6,-0.1,77.1,1620564
"Markelle Fultz",0,0,0,1,0,0,0,22,0,0,0,0,0,0,0,0,0,0,0,0,0,0,0,0,0,0,0,0,0,1,0,0,0,0,0,0,0,0,0,8,8,26.9,5.1,13,0.5,2,4.6,11,0.413,2.1,2.4,0.6,2.5,3.1,5.4,1,0.3,2.3,2.3,12.9,12.2,0.458,0.154,0.183,2.3,10.1,6,32.4,1.8,0.8,13.8,25.8,-0.2,0.2,0,-0.002,-2.9,-1.7,-4.6,-0.1,88.5,9745200
"Daniel Gafford",0,0,1,0,0,0,0,22,0,0,0,1,0,0,0,0,0,0,0,0,0,0,0,0,0,0,0,0,0,0,0,0,0,0,0,0,0,0,0,23,11,14.3,2.1,3.2,0,0,2.1,3.2,0.671,1.1,1.6,1.4,1.9,3.3,0.7,0.5,1.3,0.8,2,5.3,17.6,0.689,0,0.507,11.3,14.2,12.8,6.7,1.6,7.8,16.8,13.8,0.7,0.5,1.2,0.172,-1.4,1.6,0.2,0.2,106.1,898310
"Danilo Gallinari",0,0,1,0,0,0,0,32,1,0,0,0,0,0,0,0,0,0,0,0,0,0,0,0,0,0,0,0,0,0,0,0,0,0,0,0,0,0,0,16,1,19.7,3,7.6,1.6,4.3,1.4,3.3,0.504,3.1,3.3,0.2,2.7,2.9,1.1,0.2,0.1,1.2,1.9,10.7,12.5,0.594,0.57,0.43,1,14.6,7.9,8.6,0.5,0.5,11.7,22,0.4,0.2,0.5,0.083,-0.4,-2.2,-2.6,-0.1,102.1,22615559
"Langston Galloway",0,0,0,0,0,0,1,29,0,0,0,0,0,0,0,0,0,0,0,0,0,0,0,0,0,0,0,0,0,0,0,1,0,0,0,0,0,0,0,22,0,11.1,1.5,3.3,0.9,1.9,0.6,1.4,0.603,0.7,0.7,0.2,0.9,1.1,0.7,0.2,0,0.3,0.6,4.7,13.2,0.65,0.575,0.219,1.9,8.9,5.4,8.6,0.8,0,8,15.9,0.5,0.2,0.7,0.13,0.8,-0.7,0,0.1,91.6,7333333
"Darius Garland",0,0,0,1,0,0,0,21,0,0,0,0,0,1,0,0,0,0,0,0,0,0,0,0,0,0,0,0,0,0,0,0,0,0,0,0,0,0,0,21,18,32.3,6.4,14.2,1.7,4.1,4.8,10.1,0.51,1.3,1.5,0.5,1.8,2.2,5.3,1,0.1,2.5,2.4,15.9,12.9,0.533,0.288,0.104,1.6,6.3,3.8,27,1.4,0.4,14.3,23.1,0.2,0.2,0.4,0.028,-0.2,-1.7,-2,0,79.4,6400920
"Marc Gasol",1,0,0,0,0,0,0,36,0,0,0,0,0,0,0,0,0,0,0,0,0,1,0,0,0,0,0,0,0,0,0,0,0,0,0,0,0,0,0,29,29,20,1.4,3.4,0.7,2,0.7,1.5,0.5,0.8,0.9,0.8,3.4,4.2,1.8,0.4,1.2,0.8,2.4,4.2,10.3,0.55,0.57,0.25,4.6,18.5,11.8,11.5,1,5.3,17.8,10.1,0.4,1.2,1.5,0.127,-2.3,2.5,0.2,0.3,120.2,25595700
"Rudy Gay",0,0,1,0,0,0,0,34,0,0,0,0,0,0,0,0,0,0,0,0,0,0,0,0,0,0,0,0,0,0,0,0,0,0,1,0,0,0,0,26,0,22,4.2,9.9,1.6,4.3,2.6,5.6,0.498,1.3,1.7,0.9,4.3,5.2,1.5,0.7,0.5,1.2,1.8,11.2,13.9,0.524,0.434,0.167,4.2,20.6,12.2,10.1,1.5,1.9,9.8,23,-0.1,0.8,0.7,0.058,-0.6,-0.7,-1.3,0.1,104.3,14500000
"Paul George",0,0,0,0,1,0,0,30,0,0,0,0,0,0,0,0,0,0,0,0,1,0,0,0,0,0,0,0,0,0,0,0,0,0,0,0,0,0,0,20,20,34,8.4,16.6,3.8,7.9,4.7,8.7,0.621,3.8,4.2,0.7,5.6,6.2,5.5,1.2,0.5,3.6,2.3,24.4,23.2,0.662,0.474,0.254,2.2,17.8,10.2,25.7,1.7,1.2,16.4,28.6,1.8,0.8,2.6,0.185,5.7,-0.4,5.4,1.3,95.3,33005556
"Taj Gibson",0,0,1,0,0,0,0,35,0,0,0,0,0,0,0,0,0,0,0,0,0,0,0,0,0,0,0,1,0,0,0,0,0,0,0,0,0,0,0,8,0,13.6,1.3,2.5,0.1,0.6,1.1,1.9,0.525,0.4,0.8,1.4,1.8,3.1,0.5,0.3,0.4,0.3,1.9,3,10.6,0.53,0.25,0.3,10.8,13.2,12,5.2,0.9,2.7,8.1,10,0.1,0.1,0.3,0.117,-3.1,0.2,-2.9,0,102.1,9e+06
"Harry Giles",1,0,0,0,0,0,0,22,0,0,0,0,0,0,0,0,0,0,0,0,0,0,0,0,0,0,0,0,0,0,0,0,1,0,0,0,0,0,0,22,0,11.8,1.2,2.8,0.1,0.4,1,2.5,0.444,0.6,0.8,1.1,3.8,4.9,0.9,0.2,0.4,0.7,2,3.1,11.3,0.486,0.129,0.29,9.8,35.6,22.1,10.2,0.9,3.2,18.6,14.2,0,0.3,0.3,0.061,-4.3,-0.5,-4.7,-0.2,105.2,2578800
"Shai Gilgeous-Alexander",0,0,0,0,0,0,1,22,0,0,0,0,0,0,0,0,0,0,0,0,0,0,0,0,0,0,0,0,1,0,0,0,0,0,0,0,0,0,0,22,22,33.7,7.9,15.6,1.9,4.9,6,10.8,0.563,5,6.3,0.7,4.7,5.4,6.5,0.8,0.6,2.9,2,22.5,21.6,0.612,0.311,0.404,2.1,14.4,8.4,33,1.2,1.7,13.5,27.4,1.7,0.8,2.4,0.156,3.6,0,3.5,1,81.6,3952920
"Rudy Gobert",1,0,0,0,0,0,0,28,0,0,0,0,0,0,0,0,0,0,0,0,0,0,0,0,0,0,0,0,0,0,0,0,0,0,0,0,0,1,0,29,29,30.3,5.4,8.5,0,0,5.4,8.5,0.64,3.3,5.8,3.5,9.9,13.4,1.3,0.4,2.7,1.6,2.2,14.2,23.2,0.644,0.004,0.676,12.9,33.2,23.5,6.3,0.7,7.1,12.8,18,2.2,2.1,4.3,0.237,1.7,2,3.6,1.3,108,25258427
"Brandon Goodwin",0,0,0,1,0,0,0,25,1,0,0,0,0,0,0,0,0,0,0,0,0,0,0,0,0,0,0,0,0,0,0,0,0,0,0,0,0,0,0,22,0,12.7,1.5,4.6,0.6,2.4,0.9,2.3,0.392,0.8,1.1,0.1,1.1,1.2,2,0.5,0,0.5,1,4.4,8.1,0.431,0.51,0.235,1.2,9.1,5.2,21.9,1.7,0,9.6,18.9,-0.1,0.2,0,0.006,-3.2,-0.1,-3.4,-0.1,81.6,522738
"Aaron Gordon",0,0,1,0,0,0,0,25,0,0,0,0,0,0,0,0,0,0,0,0,0,0,0,0,0,0,0,0,0,1,0,0,0,0,0,0,0,0,0,19,19,29.1,4.8,11.2,1.6,4.4,3.2,6.8,0.5,2.6,4.2,1.7,5.5,7.2,4.2,0.7,0.8,2.8,2,13.8,14.9,0.528,0.394,0.376,6,20.4,12.9,22.5,1.2,2.6,17.6,23.3,-0.1,0.6,0.6,0.05,0.5,0.1,0.6,0.4,99.8,19863636
"Eric Gordon",0,0,0,0,0,0,1,32,0,0,0,0,0,0,0,0,0,0,1,0,0,0,0,0,0,0,0,0,0,0,0,0,0,0,0,0,0,0,0,22,10,29.4,6.2,13.5,2.7,7.8,3.5,5.7,0.564,3.5,4.2,0.3,1.9,2.2,2.7,0.5,0.5,1.9,1.5,18.7,16.8,0.612,0.578,0.311,1.1,7,4,15.3,0.9,1.5,11.1,24.9,1,0.6,1.6,0.115,2.1,-1,1.1,0.5,97.5,14057730
"Jerami Grant",0,0,0,0,1,0,0,26,0,0,0,0,0,0,0,0,1,0,0,0,0,0,0,0,0,0,0,0,0,0,0,0,0,0,0,0,0,0,0,28,28,36.3,7.9,17.8,2.6,6.6,5.3,11.2,0.515,5.4,6.1,0.8,4.4,5.3,2.9,0.8,1.2,1.7,2.8,23.8,18.7,0.579,0.373,0.343,2.4,14.3,8.1,14.2,1.1,3.1,7.7,26.5,1.9,0.9,2.7,0.13,3.2,-0.6,2.6,1.1,97.1,9346153
"Danny Green",0,0,0,0,1,0,0,33,0,0,0,0,0,0,0,0,0,0,0,0,0,0,0,0,0,0,0,0,0,0,1,0,0,0,0,0,0,0,0,29,29,28.4,3.1,7.7,2.2,5.8,0.9,1.9,0.543,0.3,0.5,1,2.7,3.7,1.7,1.1,0.7,1.4,1.7,8.7,9.7,0.55,0.757,0.063,3.9,10,7.1,8,1.8,2.3,14.9,13.7,0.1,0.9,1,0.061,-1.1,-0.1,-1.2,0.2,94.8,14634147
"Draymond Green",0,0,1,0,0,0,0,30,0,0,0,0,0,0,0,0,0,1,0,0,0,0,0,0,0,0,0,0,0,0,0,0,0,0,0,0,0,0,0,24,24,29,2,5.4,0.3,1.8,1.6,3.6,0.392,1,1.4,0.6,5,5.6,8.3,1.4,0.6,2.6,3.1,5.2,10.3,0.431,0.331,0.262,2.1,17.9,10.2,36.2,2.2,1.9,30.3,12.7,-0.1,1.1,1,0.068,-3.3,2.3,-1.1,0.2,104.3,18539130
"JaMychal Green",0,0,1,0,0,0,0,30,0,0,0,0,0,0,0,1,0,0,0,0,0,0,0,0,0,0,0,0,0,0,0,0,0,0,0,0,0,0,0,24,3,21.3,3.3,7.5,1.7,4,1.6,3.5,0.556,1.1,1.3,1.7,4.5,6.3,1,0.6,0.3,1.1,2.8,9.4,14.6,0.585,0.536,0.179,9,24.2,16.6,6.5,1.4,1.3,11.9,18.6,0.7,0.6,1.2,0.116,0.3,-2,-1.7,0,99.8,4767000
"Jeff Green",0,0,1,0,0,0,0,34,0,0,1,0,0,0,0,0,0,0,0,0,0,0,0,0,0,0,0,0,0,0,0,0,0,0,0,0,0,0,0,30,13,26,3.5,6.9,1.6,3.7,1.9,3.2,0.619,1.2,1.5,0.5,3.3,3.7,1.4,0.7,0.3,0.8,2,9.7,12.2,0.647,0.534,0.218,2.1,13.3,8.1,7.2,1.2,0.8,9.6,13.9,1.2,0.4,1.6,0.098,-0.4,-1,-1.4,0.1,106.6,3405180
"Blake Griffin",0,0,1,0,0,0,0,31,0,0,0,0,0,0,0,0,1,0,0,0,0,0,0,0,0,0,0,0,0,0,0,0,0,0,0,0,0,0,0,20,20,31.3,4.1,11.1,2,6.2,2.1,4.9,0.453,2.2,3.1,0.4,4.9,5.2,3.9,0.7,0.1,1.6,2.1,12.3,10,0.491,0.559,0.279,1.2,18.1,9.3,18.8,1.1,0.3,11.4,19.4,-0.1,0.5,0.4,0.027,-1.5,-1.1,-2.6,-0.1,114.3,34449964
"Rui Hachimura",0,0,1,0,0,0,0,22,0,0,0,0,0,0,0,0,0,0,0,0,0,0,0,0,0,0,0,0,0,0,0,0,0,0,0,0,0,0,1,19,19,29.2,4.7,10.3,0.8,2.6,3.9,7.7,0.492,3.1,3.9,1.2,4.3,5.4,2,0.6,0.1,1,2.1,13.2,12.9,0.549,0.255,0.378,4,15.8,9.7,9.9,1,0.3,7.7,18.4,0.6,0.3,0.8,0.071,-1,-2,-3,-0.1,102.1,4469160
"James Harden",0,0,0,0,0,0,1,31,0,0,0,0,0,0,0,0,0,0,0,0,0,0,0,0,0,0,0,0,0,0,0,0,0,0,0,0,1,0,0,24,24,37.6,7.6,15.8,3,7.9,4.6,7.9,0.578,6.2,6.9,0.8,6.5,7.3,11.3,1,0.8,4.3,2.3,24.5,24.2,0.648,0.5,0.434,2.3,18.5,10.7,44.7,1.3,1.7,18.5,26.5,3.3,0.9,4.1,0.22,6,-0.2,5.8,1.8,99.8,38199000
"Montrezl Harrell",1,0,0,0,0,0,0,27,0,0,0,0,0,0,0,0,0,0,0,0,0,1,0,0,0,0,0,0,0,0,0,0,0,0,0,0,0,0,0,29,0,24.6,5.3,8.3,0,0.1,5.3,8.1,0.646,2.6,3.6,2.3,4,6.3,1.1,0.7,0.7,1.3,2.2,13.3,21.3,0.676,0.017,0.429,10.7,17.7,14.3,6.9,1.4,2.5,11.5,19.6,2.1,1.3,3.4,0.227,1.8,0.5,2.3,0.8,114.8,6e+06
"Gary Harris",0,0,0,0,0,0,1,26,0,0,0,0,0,0,0,1,0,0,0,0,0,0,0,0,0,0,0,0,0,0,0,0,0,0,0,0,0,0,0,19,19,30.6,3.6,8.2,1.3,3.9,2.4,4.3,0.519,1.2,1.6,0.7,1.8,2.5,1.7,0.9,0.2,0.7,1.9,9.7,9.3,0.544,0.481,0.192,2.5,6.6,4.6,7.2,1.4,0.7,7.6,13.7,0.4,0.3,0.7,0.061,-2.1,-1.5,-3.6,-0.2,93,17839286
"Joe Harris",0,0,0,0,1,0,0,29,0,0,1,0,0,0,0,0,0,0,0,0,0,0,0,0,0,0,0,0,0,0,0,0,0,0,0,0,0,0,0,30,26,30.9,5.5,10.5,3.3,6.6,2.3,3.9,0.685,0.5,0.8,0.6,2.9,3.5,1.9,0.5,0.2,0.8,2.4,14.9,14.9,0.688,0.631,0.073,2.3,9.9,6.3,8.3,0.8,0.6,7.2,16.3,2.1,0.3,2.4,0.123,2.1,-1.7,0.5,0.6,97.5,7666667
"Tobias Harris",0,0,1,0,0,0,0,28,0,0,0,0,0,0,0,0,0,0,0,0,0,0,0,0,0,0,0,0,0,0,1,0,0,0,0,0,0,0,0,26,26,34.5,8,15.4,1.8,4.2,6.2,11.2,0.575,3.1,3.5,1.3,6.5,7.7,3.1,0.8,0.8,2,2.1,20.8,19.7,0.615,0.27,0.225,4.2,19.9,12.3,14.3,1.1,2.2,10.8,23.2,1.9,1.1,3,0.16,2.9,-0.1,2.8,1.1,102.5,32742000
"Shaquille Harrison",0,0,0,0,0,0,1,27,0,0,0,0,0,0,0,0,0,0,0,0,0,0,0,0,0,0,0,0,0,0,0,0,0,0,0,0,0,1,0,16,0,3.4,0.4,1.2,0,0.1,0.4,1.1,0.316,0.3,0.4,0.2,0.4,0.6,0.5,0.1,0,0.3,0.2,1.1,7,0.393,0.053,0.316,6.2,11.3,8.8,20,1.8,0,18.8,21.2,-0.1,0.1,0,-0.019,-6.4,-1.2,-7.6,-0.1,86.2,1620564
"Josh Hart",0,0,0,0,1,0,0,25,0,0,0,0,0,0,0,0,0,0,0,0,0,0,0,0,0,0,1,0,0,0,0,0,0,0,0,0,0,0,0,28,2,28,3.1,7,1.4,4.1,1.7,2.9,0.554,1.1,1.6,1,6.4,7.5,2.1,0.8,0.2,0.8,2.2,8.9,12.5,0.577,0.59,0.231,4.1,25.5,14.8,10,1.4,0.7,9.7,12.9,1.1,0.6,1.6,0.099,-0.8,0,-0.8,0.2,92.5,1934160
"Isaiah Hartenstein",1,0,0,0,0,0,0,22,0,0,0,0,0,0,0,1,0,0,0,0,0,0,0,0,0,0,0,0,0,0,0,0,0,0,0,0,0,0,0,18,0,8.7,1.7,3.1,0,0,1.7,3.1,0.545,0.9,1.5,1.4,1.4,2.8,0.6,0.4,0.7,0.8,2.2,4.2,19.1,0.568,0,0.491,18.6,18.1,18.4,9.3,2.2,8,17.3,22.4,0.2,0.3,0.5,0.14,-3.6,-0.1,-3.7,-0.1,113.4,1416852
"Jaxson Hayes",1,0,0,0,0,0,0,20,0,0,0,0,0,0,0,0,0,0,0,0,0,0,0,0,0,0,1,0,0,0,0,0,0,0,0,0,0,0,0,21,1,11.7,1.7,2.6,0,0,1.7,2.6,0.636,0.9,1.2,1.2,2.4,3.6,0.4,0.3,0.3,0.6,1.8,4.2,15.5,0.662,0,0.473,11.7,22.6,17.1,5,1.4,2.9,16.4,13.7,0.5,0.2,0.7,0.13,-2,0,-2,0,99.8,4862040
"Gordon Hayward",0,0,0,0,1,0,0,30,0,0,0,0,1,0,0,0,0,0,0,0,0,0,0,0,0,0,0,0,0,0,0,0,0,0,0,0,0,0,0,26,26,35.5,8.1,16.6,2.2,5.2,5.9,11.4,0.552,3.9,4.5,0.9,4.5,5.5,3.8,1.1,0.4,2.1,1.9,22.3,18.7,0.598,0.313,0.273,2.7,13.9,8.2,17.5,1.5,1.2,10.2,24.9,1.7,0.8,2.5,0.132,2.6,-0.8,1.8,0.9,93.9,32700690
"Tyler Herro",0,0,0,0,0,0,1,21,0,0,0,0,0,0,0,0,0,0,0,0,0,0,0,1,0,0,0,0,0,0,0,0,0,0,0,0,0,0,0,20,14,34.4,6.5,14.8,2.1,6.2,4.4,8.6,0.508,2,2.5,0.5,5.9,6.3,3.9,0.5,0.5,2.6,1.7,17,12.1,0.535,0.42,0.169,1.6,18.1,10.3,18.8,0.6,1.5,14.1,23.9,-0.4,0.7,0.3,0.021,-1.2,-1.4,-2.6,-0.1,88.5,3640200
"Buddy Hield",0,0,0,0,0,0,1,28,0,0,0,0,0,0,0,0,0,0,0,0,0,0,0,0,0,0,0,0,0,0,0,0,0,1,0,0,0,0,0,27,27,34.8,5.3,14.1,3.9,10.4,1.4,3.7,0.516,1.5,1.7,0.4,4.4,4.8,3,0.9,0.3,2,2.7,16.1,10.7,0.54,0.736,0.123,1.2,14.1,7.6,11.9,1.2,0.8,11.6,20.7,0.1,0.1,0.2,0.009,-0.7,-2,-2.8,-0.2,96.2,4861207
"George Hill",0,0,0,1,0,0,0,34,0,0,0,0,0,0,0,0,0,0,0,0,0,0,0,0,0,0,0,0,1,0,0,0,0,0,0,0,0,0,0,14,14,26.4,4.4,8.6,1.6,4.1,2.8,4.5,0.6,1.5,1.8,0.6,1.5,2.1,3.1,0.9,0.1,0.9,0.9,11.8,16,0.63,0.475,0.208,2.3,5.9,4.1,17.9,1.5,0.5,8.4,16.8,0.8,0.3,1.1,0.137,0.9,-0.5,0.4,0.2,81.6,10133907
"Solomon Hill",0,0,1,0,0,0,0,29,1,0,0,0,0,0,0,0,0,0,0,0,0,0,0,0,0,0,0,0,0,0,0,0,0,0,0,0,0,0,0,28,1,19,1.5,4.3,1,3.2,0.5,1.1,0.479,0.3,0.4,0.4,1.9,2.3,0.9,0.6,0.2,0.5,1.6,4.4,6.4,0.494,0.75,0.083,2.3,10.8,6.6,6.1,1.6,1,10.8,11.2,-0.1,0.4,0.3,0.029,-2.9,0.1,-2.8,-0.1,102.5,13290395
"Aaron Holiday",0,0,0,1,0,0,0,24,0,0,0,0,0,0,0,0,0,0,0,1,0,0,0,0,0,0,0,0,0,0,0,0,0,0,0,0,0,0,0,29,6,19.9,2.8,7.6,1.1,3.2,1.7,4.3,0.441,0.8,1,0.2,1.1,1.3,1.8,0.5,0.1,0.8,1.7,7.4,7.1,0.464,0.425,0.132,1.2,6.2,3.7,12.6,1.2,0.6,9,19.2,-0.5,0.3,-0.1,-0.012,-4.1,-1.8,-5.9,-0.6,83.9,2239200
"Jrue Holiday",0,0,0,1,0,0,0,30,0,0,0,0,0,0,0,0,0,0,0,0,0,0,0,0,1,0,0,0,0,0,0,0,0,0,0,0,0,0,0,23,23,32.5,6.5,13,1.9,4.8,4.7,8.2,0.574,1.5,1.9,1.3,3.5,4.8,5.4,1.9,0.6,1.6,1.7,16.4,19.9,0.593,0.371,0.144,4.2,11.2,7.8,22.5,2.8,1.7,10.2,19.9,1.9,0.9,2.8,0.18,2.7,1.1,3.8,1.1,81.6,26131111
"Justin Holiday",0,0,0,0,0,0,1,31,0,0,0,0,0,0,0,0,0,0,0,1,0,0,0,0,0,0,0,0,0,0,0,0,0,0,0,0,0,0,0,29,20,32.2,4,8.5,2.4,5.8,1.6,2.8,0.607,1.2,1.5,0.7,3.5,4.2,1.7,1.2,0.3,0.7,2.3,11.5,12.4,0.628,0.676,0.174,2.5,11.9,7.3,7,1.8,0.9,7.3,13.3,1.3,0.9,2.2,0.114,0.4,0.1,0.5,0.6,81.6,4767000
"Richaun Holmes",1,0,0,0,0,0,0,27,0,0,0,0,0,0,0,0,0,0,0,0,0,0,0,0,0,0,0,0,0,0,0,0,0,1,0,0,0,0,0,25,25,29.6,5.4,8.4,0,0.2,5.4,8.2,0.65,1.8,2.3,2.5,5.2,7.7,1.8,0.7,1.6,1.5,4.1,12.8,18.2,0.677,0.024,0.276,9.1,19.6,14.3,8.8,1.1,4.7,13.9,15.8,1.7,0.4,2.1,0.136,-0.6,-0.1,-0.7,0.2,110.2,4767000
"Rodney Hood",0,0,0,0,1,0,0,28,0,0,0,0,0,0,0,0,0,0,0,0,0,0,0,0,0,0,0,0,0,0,0,0,1,0,0,0,0,0,0,23,5,19,2.1,5.7,0.6,2,1.5,3.7,0.42,0.2,0.3,0.2,1.5,1.7,1.2,0.7,0.1,0.8,1.4,5,5,0.427,0.359,0.046,0.9,8.9,4.8,8.7,1.7,0.4,11.9,14.9,-0.6,0.1,-0.4,-0.047,-6.3,-1.7,-8,-0.7,94.3,5718000
"Al Horford",1,0,0,0,0,0,0,34,0,0,0,0,0,0,0,0,0,0,0,0,0,0,0,0,0,0,0,0,1,0,0,0,0,0,0,0,0,0,0,19,19,28.2,5.9,13,2.2,5.5,3.7,7.5,0.536,0.7,0.9,0.8,6.1,6.9,3.6,0.9,0.8,1.3,1.7,14.7,17.6,0.547,0.425,0.073,3.1,22.1,12.7,21.2,1.6,2.6,8.6,22.5,0.4,0.8,1.2,0.106,1.8,1.4,3.2,0.7,111.6,2.8e+07
"Talen Horton-Tucker",0,0,0,0,0,0,1,20,0,0,0,0,0,0,0,0,0,0,0,0,0,1,0,0,0,0,0,0,0,0,0,0,0,0,0,0,0,0,0,25,0,16.5,2.7,6,0.5,1.7,2.2,4.3,0.487,0.9,1.1,0.4,2,2.4,1.8,0.8,0.5,1.2,1.9,6.8,11.7,0.521,0.287,0.187,2.5,13.4,8.1,15.1,2.5,2.5,16,20.3,-0.2,0.8,0.7,0.076,-3.2,1.7,-1.6,0.1,106.1,898310
"Danuel House",0,0,0,0,1,0,0,27,0,0,0,0,0,0,0,0,0,0,1,0,0,0,0,0,0,0,0,0,0,0,0,0,0,0,0,0,0,0,0,17,7,27.9,3.1,8.2,1.4,4.9,1.6,3.2,0.46,1.4,1.8,0.6,3.1,3.6,2.1,0.8,0.5,0.9,1.8,8.9,8.9,0.496,0.604,0.216,2.2,11.7,6.9,10.7,1.3,1.6,9.5,15.1,0,0.6,0.5,0.052,-2.9,-0.2,-3.1,-0.1,99.8,3540000
"Kevin Huerter",0,0,0,0,0,0,1,22,1,0,0,0,0,0,0,0,0,0,0,0,0,0,0,0,0,0,0,0,0,0,0,0,0,0,0,0,0,0,0,28,17,31.8,4.5,10.7,2.2,5.8,2.3,5,0.527,0.7,0.9,0.7,2.9,3.6,3.8,1.2,0.2,1.3,2.3,12,11.9,0.539,0.537,0.08,2.5,9.8,6.2,17.8,1.9,0.5,10.4,16.6,0.7,0.6,1.4,0.075,-0.4,0.1,-0.3,0.4,86.2,2636280
"De'Andre Hunter",0,0,0,0,1,0,0,23,1,0,0,0,0,0,0,0,0,0,0,0,0,0,0,0,0,0,0,0,0,0,0,0,0,0,0,0,0,0,0,18,18,32.2,6,11.7,1.7,4.6,4.3,7.1,0.586,3.6,4.1,0.9,4.5,5.4,2.2,0.9,0.5,1.4,2.6,17.2,17.5,0.64,0.39,0.348,3,14.9,9,10.9,1.4,1.3,9.4,19.6,1.3,0.5,1.8,0.151,2.2,0.3,2.5,0.7,102.1,7068360
"Chandler Hutchison",0,0,0,0,1,0,0,24,0,0,0,1,0,0,0,0,0,0,0,0,0,0,0,0,0,0,0,0,0,0,0,0,0,0,0,0,0,0,0,7,0,9.1,0.7,2.6,0.1,0.4,0.6,2.1,0.306,0.3,0.3,0.1,2.7,2.9,0.6,0.1,0,0.7,1.3,1.9,0.5,0.344,0.167,0.111,1.8,32.4,17.4,7.8,0.7,0,20.9,15.8,-0.2,0.1,-0.1,-0.104,-9.4,-1.5,-10.9,-0.1,88.9,2332320
"Serge Ibaka",1,0,0,0,0,0,0,31,0,0,0,0,0,0,0,0,0,0,0,0,1,0,0,0,0,0,0,0,0,0,0,0,0,0,0,0,0,0,0,29,29,24.2,4.8,9.2,1,2.7,3.8,6.6,0.569,1.2,1.5,1.9,4.8,6.7,1.7,0.2,1.2,1.3,1.9,11.8,18.2,0.593,0.287,0.164,9.1,21.5,15.5,10.6,0.5,4.6,11.7,20.5,1.2,0.9,2.1,0.143,1.1,-0.9,0.2,0.4,108.9,23271604
"Andre Iguodala",0,0,0,0,1,0,0,37,0,0,0,0,0,0,0,0,0,0,0,0,0,0,0,1,0,0,0,0,0,0,0,0,0,0,0,0,0,0,0,26,2,21.2,1.6,4.3,1,3.3,0.5,1,0.491,0.2,0.4,0.5,3.1,3.6,2.3,1,0.5,1,1.5,4.4,8.9,0.492,0.766,0.099,2.8,15.6,9.6,15.4,2.4,2.2,18.9,11.5,-0.2,0.8,0.6,0.053,-2.5,2.1,-0.4,0.2,93.9,17185185
"Joe Ingles",0,0,0,0,1,0,0,33,0,0,0,0,0,0,0,0,0,0,0,0,0,0,0,0,0,0,0,0,0,0,0,0,0,0,0,0,0,1,0,25,8,26.6,4.1,7.9,2.4,5.3,1.7,2.6,0.67,1.2,1.4,0.4,3,3.5,4.7,0.4,0.2,1.6,1.7,11.8,16.7,0.694,0.675,0.173,1.8,11.6,6.9,25.2,0.7,0.6,16.2,16.3,2,0.8,2.7,0.198,3.3,0.8,4.1,1,94.8,11454546
"Brandon Ingram",0,0,0,0,1,0,0,23,0,0,0,0,0,0,0,0,0,0,0,0,0,0,0,0,0,0,1,0,0,0,0,0,0,0,0,0,0,0,0,28,28,34.8,8.2,17.5,2.5,6.3,5.7,11.3,0.538,4.7,5.4,0.6,4.8,5.4,4.8,0.6,0.9,2.5,1.8,23.6,20.4,0.592,0.356,0.308,1.9,15.2,8.5,21.6,0.9,2.8,11,27.4,2.3,0.5,2.8,0.137,4.3,-1.2,3.1,1.2,88.9,7265485
"Kyrie Irving",0,0,0,1,0,0,0,28,0,0,1,0,0,0,0,0,0,0,0,0,0,0,0,0,0,0,0,0,0,0,0,0,0,0,0,0,0,0,0,20,20,35.4,10.7,20,3.1,6.9,7.6,13.1,0.61,3.9,4.3,0.9,3.7,4.6,5.7,1.1,0.8,2.4,3,28.3,25.3,0.647,0.346,0.213,3,11.1,7.3,26.6,1.4,1.7,9.9,29.6,2.6,0.4,3,0.203,6.1,-0.8,5.3,1.3,81.6,31742000
"Wesley Iwundu",0,0,0,0,1,0,0,26,0,0,0,0,0,0,1,0,0,0,0,0,0,0,0,0,0,0,0,0,0,0,0,0,0,0,0,0,0,0,0,17,3,13.6,0.8,2.7,0.2,1.4,0.6,1.4,0.315,0.5,0.6,0.3,1.6,1.9,0.5,0.4,0.1,0.2,1.2,2.2,3.6,0.367,0.5,0.217,2.4,13.3,7.8,4.4,1.5,0.8,7.4,10.3,-0.3,0.1,-0.1,-0.028,-6.2,-0.2,-6.4,-0.3,93,1618520
"Frank Jackson",0,0,0,1,0,0,0,22,0,0,0,0,0,0,0,0,1,0,0,0,0,0,0,0,0,0,0,0,0,0,0,0,0,0,0,0,0,0,0,7,0,5.6,0.6,2.3,0.4,1.4,0.1,0.9,0.344,0,0,0,0.7,0.7,1.1,0.1,0,0.6,0.6,1.6,1.5,0.344,0.625,0,0,15,7.2,30,1.3,0,20,22.2,-0.1,0,-0.1,-0.143,-7,-2.2,-9.2,-0.1,93,1618520
"Josh Jackson",0,0,0,0,0,0,1,23,0,0,0,0,0,0,0,0,1,0,0,0,0,0,0,0,0,0,0,0,0,0,0,0,0,0,0,0,0,0,0,26,6,24.1,4.5,10.5,1.4,4.4,3.1,6.1,0.495,2.3,3.4,0.7,3.3,4,1.9,1,0.9,2.4,3,12.8,12.2,0.53,0.42,0.325,3.3,15.9,9.3,13.3,2,3.5,16.5,25.9,-0.7,0.7,0.1,0.005,-2.2,-0.2,-2.4,-0.1,92.1,7059480
"Justin Jackson",0,0,0,0,1,0,0,25,0,0,0,0,0,0,0,0,0,0,0,0,0,0,0,0,0,0,0,0,1,0,0,0,0,0,0,0,0,0,0,18,2,18,2.9,6.4,1.2,3.3,1.8,3.2,0.547,0.8,1,0.4,1.9,2.4,1.8,0.4,0.1,1,1.2,7.8,12.1,0.569,0.509,0.155,2.6,11.1,6.9,15.6,1,0.3,12.7,19,0.2,0.3,0.4,0.06,-1.2,-0.6,-1.8,0,91.2,3280920
"Reggie Jackson",0,0,0,0,0,0,1,30,0,0,0,0,0,0,0,0,0,0,0,0,1,0,0,0,0,0,0,0,0,0,0,0,0,0,0,0,0,0,0,27,14,20.8,3.1,7.4,1.2,3.4,2,4,0.508,1.1,1.4,0.3,2.4,2.7,3.3,0.7,0.1,1,1.9,8.6,13.3,0.534,0.462,0.196,1.9,12.4,7.3,21.8,1.6,0.5,10.7,19,0.7,0.5,1.2,0.103,-0.9,-0.7,-1.6,0.1,94.3,17799677
"Justin James",0,0,0,0,1,0,0,24,0,0,0,0,0,0,0,0,0,0,0,0,0,0,0,0,0,0,0,0,0,0,0,0,0,1,0,0,0,0,0,8,0,6.3,0.8,1.9,0,0.5,0.8,1.4,0.4,0.1,0.9,0.3,0.6,0.9,0.4,0.1,0.1,0,0.1,1.6,6.6,0.36,0.267,0.467,4.3,11.1,7.7,7.9,1,1.7,0,15.4,-0.1,0,-0.1,-0.063,-4.3,-3.6,-7.9,-0.1,86.2,898310
"LeBron James",0,0,0,1,0,0,0,36,0,0,0,0,0,0,0,0,0,0,0,0,0,1,0,0,0,0,0,0,0,0,0,0,0,0,0,0,0,0,0,29,29,34.7,9.4,18.8,2.5,6.7,6.9,12.1,0.571,4.2,6,0.6,7.6,8.2,7.9,1,0.5,3.7,1.6,25.7,24.2,0.6,0.355,0.318,2,23.6,13.2,38.4,1.4,1.3,14.8,31.4,2.3,1.9,4.2,0.2,5.8,1.3,7.2,2.3,113.4,37436858
"Cameron Johnson",0,0,1,0,0,0,0,24,0,0,0,0,0,0,0,0,0,0,0,0,0,0,0,0,0,0,0,0,0,0,0,1,0,0,0,0,0,0,0,27,9,25.4,3.8,8.6,2.2,5.9,1.6,2.7,0.564,1,1.1,0.6,3,3.6,1.5,0.6,0.3,0.8,1.3,10.7,13.2,0.588,0.687,0.133,2.8,12.8,7.9,8.3,1.2,1,7.8,17.5,0.8,0.7,1.5,0.105,1.1,-0.4,0.7,0.5,95.3,4033440
"James Johnson",0,0,1,0,0,0,0,33,0,0,0,0,0,0,1,0,0,0,0,0,0,0,0,0,0,0,0,0,0,0,0,0,0,0,0,0,0,0,0,23,0,18.4,2.6,5.3,0.6,2.2,2,3.2,0.545,0.6,1,0.5,2.6,3.1,1.6,0.9,0.8,1.1,2.1,6.4,12.3,0.55,0.407,0.195,2.8,15.6,9.2,12.4,2.3,4.3,15.8,16.4,0,0.5,0.5,0.052,-2,1.9,-0.1,0.2,111.1,15349400
"Keldon Johnson",0,0,0,0,1,0,0,21,0,0,0,0,0,0,0,0,0,0,0,0,0,0,0,0,0,0,0,0,0,0,0,0,0,0,1,0,0,0,0,27,27,30.1,5.3,11.4,1,3,4.4,8.4,0.51,2.9,3.7,1.7,5.2,7,2.3,0.8,0.5,1.5,2.3,14.5,15.3,0.556,0.26,0.321,5.8,18.5,12,10.9,1.2,1.5,10.2,20.7,0.7,1,1.7,0.101,-0.3,-0.7,-1,0.2,95.7,1950600
"Stanley Johnson",0,0,1,0,0,0,0,24,0,0,0,0,0,0,0,0,0,0,0,0,0,0,0,0,0,0,0,0,0,0,0,0,0,0,0,1,0,0,0,25,1,14.7,1,2.5,0.6,1.5,0.4,1,0.524,0.4,0.6,0.6,2,2.5,1.4,0.8,0.3,0.7,1.7,3,9.6,0.558,0.597,0.226,4.1,15.2,9.5,12.7,2.7,2.2,20.9,10,0.2,0.5,0.6,0.084,-2.5,2,-0.5,0.1,109.8,3623000
"Tyler Johnson",0,0,0,0,0,0,1,28,0,0,1,0,0,0,0,0,0,0,0,0,0,0,0,0,0,0,0,0,0,0,0,0,0,0,0,0,0,0,0,13,1,12.2,1.6,3.6,1.2,2.5,0.5,1.2,0.606,0.2,0.2,0.2,1,1.2,0.8,0.3,0,0.3,0.6,4.5,11.1,0.616,0.681,0.043,1.5,8.7,5.3,9,1.2,0,7.7,14.1,0.2,0,0.3,0.079,-0.7,-1.6,-2.3,0,84.4,19428485
"Tyus Jones",0,0,0,1,0,0,0,24,0,0,0,0,0,0,0,0,0,0,0,0,0,0,1,0,0,0,0,0,0,0,0,0,0,0,0,0,0,0,0,24,8,23.5,3.3,8,0.7,2.8,2.5,5.2,0.451,0.5,0.6,0.6,2.1,2.8,5.3,1.3,0.1,1,0.5,7.7,14.2,0.466,0.354,0.078,2.8,10.2,6.4,30.5,2.7,0.5,10.4,16.7,0.4,0.5,1,0.083,-0.8,0.3,-0.6,0.2,83.9,10116000
"DeAndre Jordan",1,0,0,0,0,0,0,32,0,0,1,0,0,0,0,0,0,0,0,0,0,0,0,0,0,0,0,0,0,0,0,0,0,0,0,0,0,0,0,28,22,21.6,3.2,4,0,0,3.2,4,0.788,0.8,1.5,1.8,5.3,7,1.9,0.3,1.4,1.7,2.1,7.2,16.7,0.764,0,0.372,9.7,25.7,18.1,11.6,0.7,5.2,26.7,12.8,1.1,0.7,1.8,0.139,-0.4,1.5,1.1,0.5,120.2,9881598
"Cory Joseph",0,0,0,1,0,0,0,29,0,0,0,0,0,0,0,0,0,0,0,0,0,0,0,0,0,0,0,0,0,0,0,0,0,1,0,0,0,0,0,27,1,19.8,2.7,5.7,0.7,2,2,3.7,0.529,0.7,1,0.4,1.7,2.1,2.4,0.8,0.2,1.1,2.2,6.8,10.8,0.551,0.355,0.174,2.2,9.3,5.7,16.4,2,0.9,14.8,15.6,0.3,0.1,0.4,0.034,-3.1,-0.5,-3.5,-0.2,83.9,1.2e+07
"Frank Kaminsky",1,0,0,0,0,0,0,27,0,0,0,0,0,0,0,0,0,0,0,0,0,0,0,0,0,0,0,0,0,0,0,1,0,0,0,0,0,0,0,20,6,15.8,2.6,5.8,0.8,2,1.9,3.8,0.517,0.7,1.2,1,3.5,4.5,2,0.2,0.5,0.5,1.6,6.7,16.2,0.531,0.339,0.2,6.8,24,15.6,18.4,0.6,2.8,7.4,19.2,0.5,0.4,0.9,0.138,0.8,1.5,2.3,0.3,104.8,4767000
"Enes Kanter",1,0,0,0,0,0,0,28,0,0,0,0,0,0,0,0,0,0,0,0,0,0,0,0,0,0,0,0,0,0,0,0,1,0,0,0,0,0,0,28,16,25.1,4.9,8.4,0,0,4.9,8.4,0.581,1.8,2.3,4.1,7,11.1,1.1,0.5,0.8,1.2,2.5,11.5,21.9,0.611,0,0.278,16.7,31,23.5,6.7,1,2.8,11.5,18.1,2,0.7,2.7,0.184,1,-2.3,-1.3,0.1,118.8,4767000
"Luke Kennard",0,0,0,0,0,0,1,24,0,0,0,0,0,0,0,0,0,0,0,0,1,0,0,0,0,0,0,0,0,0,0,0,0,0,0,0,0,0,0,29,7,22,3,6.5,1.6,3.6,1.4,2.9,0.585,0.4,0.5,0.3,2.6,2.9,1.8,0.3,0.2,0.9,1.6,8,10.8,0.599,0.553,0.08,1.4,12.8,7.3,11.1,0.8,0.8,12.2,15.3,0.6,0.5,1.1,0.083,-0.8,-1.5,-2.2,0,88.9,3827160
"Maxi Kleber",0,0,1,0,0,0,0,29,0,0,0,0,0,0,1,0,0,0,0,0,0,0,0,0,0,0,0,0,0,0,0,0,0,0,0,0,0,0,0,17,11,25.6,2.2,5.1,1.7,3.8,0.5,1.3,0.599,1,1.1,0.9,4.4,5.4,1.5,0.4,0.8,0.6,2.4,7.1,11.4,0.639,0.744,0.209,4,19,11.5,7.6,0.7,2.8,9.6,10.5,0.7,0.3,1,0.106,-0.3,-0.6,-0.8,0.1,95.7,8e+06
"Kevin Knox",0,0,0,0,1,0,0,21,0,0,0,0,0,0,0,0,0,0,0,0,0,0,0,0,0,0,0,1,0,0,0,0,0,0,0,0,0,0,0,23,0,16.2,1.9,4.9,1.1,2.9,0.8,2,0.5,0.4,0.5,0.4,1.7,2.1,0.7,0.3,0.3,0.7,1.4,5.3,8.1,0.52,0.584,0.106,2.6,10.8,6.7,6.6,1.1,1.6,11.9,15.9,-0.1,0.4,0.3,0.043,-2,-0.4,-2.4,0,97.5,4380120
"Furkan Korkmaz",0,0,0,0,0,0,1,23,0,0,0,0,0,0,0,0,0,0,0,0,0,0,0,0,0,0,0,0,0,0,1,0,0,0,0,0,0,0,0,18,1,19.5,2.7,7.2,1.3,4.2,1.4,3.1,0.469,0.8,0.9,0.2,2.3,2.6,0.8,0.7,0.1,0.9,1.1,7.6,8.1,0.496,0.577,0.123,1.3,12.7,7.2,5.5,1.8,0.5,11,18.5,-0.3,0.4,0.1,0.015,-3.2,-1.1,-4.3,-0.2,83.9,1620564
"Luke Kornet",0,0,1,0,0,0,0,25,0,0,0,1,0,0,0,0,0,0,0,0,0,0,0,0,0,0,0,0,0,0,0,0,0,0,0,0,0,0,0,6,0,7.2,0.5,2.3,0.2,1.8,0.3,0.5,0.25,0.3,0.3,0,1.5,1.5,0.3,0.3,0.2,0.2,0.2,1.5,3.7,0.302,0.786,0.143,0,22.9,11.6,5.8,2.2,2.1,6.3,15.7,-0.1,0.1,-0.1,-0.075,-5.4,-0.4,-5.8,0,108.9,2250000
"Rodions Kurucs",0,0,0,0,0,1,0,22,0,0,0,0,0,0,0,0,0,0,0,0,0,0,0,0,0,0,0,0,0,0,0,0,0,0,0,0,1,0,0,14,0,5.2,0.4,1.4,0.2,1,0.2,0.4,0.375,0.1,0.1,0.1,0.7,0.9,0.3,0.4,0.1,0.5,0.6,1.1,3.2,0.383,0.7,0.1,2.9,14.6,8.8,7,3.2,2.4,25.1,16.3,-0.2,0.1,-0.1,-0.079,-8.5,1.9,-6.6,-0.1,97.5,1699236
"Kyle Kuzma",0,0,0,0,1,0,0,25,0,0,0,0,0,0,0,0,0,0,0,0,0,1,0,0,0,0,0,0,0,0,0,0,0,0,0,0,0,0,0,29,7,25,4.3,9.5,1.7,4.6,2.7,4.9,0.54,0.6,0.9,1.8,4.2,6,1.1,0.3,0.7,1.3,1.6,10.8,13.1,0.546,0.482,0.094,8.2,18.4,13.4,6.6,0.6,2.2,11.4,19.5,0.3,1.2,1.5,0.098,0,-0.9,-0.9,0.2,100.2,1974600
"Jeremy Lamb",0,0,0,0,0,0,1,28,0,0,0,0,0,0,0,0,0,0,0,1,0,0,0,0,0,0,0,0,0,0,0,0,0,0,0,0,0,0,0,16,8,25.1,4.1,8.1,1.9,3.9,2.2,4.3,0.627,2.3,2.4,0.9,3.4,4.3,1.6,0.9,0.5,0.9,2.1,12.4,17.8,0.676,0.477,0.3,3.9,14.9,9.5,9.1,1.7,1.7,8.7,17.4,1,0.4,1.5,0.175,2.5,0.6,3,0.5,81.6,10500000
"Zach LaVine",0,0,0,0,0,0,1,25,0,0,0,1,0,0,0,0,0,0,0,0,0,0,0,0,0,0,0,0,0,0,0,0,0,0,0,0,0,0,0,27,27,35.6,10.2,19.6,3.6,8.2,6.6,11.4,0.612,4.5,5.3,0.8,4.7,5.5,5.2,1.1,0.4,3.9,2.6,28.5,22.7,0.649,0.42,0.272,2.6,14.4,8.6,24.7,1.5,1.1,14.9,30.7,2.3,0.9,3.1,0.156,4.9,-0.8,4.1,1.5,82.1,19500000
"Jake Layman",0,0,0,0,1,0,0,26,0,0,0,0,0,0,0,0,0,0,0,0,0,0,0,0,0,1,0,0,0,0,0,0,0,0,0,0,0,0,0,19,3,15.4,2.4,4.8,0.6,1.9,1.8,2.9,0.549,0.9,1.2,0.3,1.2,1.5,0.5,0.9,0.5,0.5,1.2,6.3,13,0.583,0.402,0.25,1.7,8.9,5.2,5,2.8,2.5,8.9,16.1,0.2,0.3,0.5,0.076,-2.3,0.3,-2,0,94.8,3581986
"Jalen Lecque",0,0,0,1,0,0,0,20,0,0,0,0,0,0,0,0,0,0,0,1,0,0,0,0,0,0,0,0,0,0,0,0,0,0,0,0,0,0,0,3,0,3,0.3,1.3,0,0.3,0.3,1,0.25,1,1,0.3,1,1.3,0.7,0,0,0,0,1.7,24.2,0.47,0.25,0.75,12.4,36.2,24.5,29.2,0,0,0,25.7,0,0,0,0.229,2.9,-0.3,2.6,0,86.2,898310
"Alex Len",1,0,0,0,0,0,0,27,0,0,0,0,0,0,0,0,0,0,0,0,0,0,0,0,0,0,0,0,0,0,0,0,0,0,0,0,1,0,0,20,6,14.6,2.4,3.8,0.3,1,2.1,2.8,0.667,1,1.7,0.8,2.8,3.5,1.1,0.4,1.1,1.2,1.9,6,15.5,0.667,0.253,0.453,5.2,20.7,12.7,10.7,1.3,6.9,20.4,16.1,0.3,0.4,0.6,0.101,-1.7,1.7,0,0.2,102.1,4160000
"Kawhi Leonard",0,0,0,0,1,0,0,29,0,0,0,0,0,0,0,0,0,0,0,0,1,0,0,0,0,0,0,0,0,0,0,0,0,0,0,0,0,0,0,23,23,34.4,9.7,19,1.9,4.9,7.8,14.1,0.563,5.3,6.1,0.8,5,5.9,5,1.8,0.6,1.8,1.5,26.7,27.5,0.617,0.259,0.32,2.8,16,9.6,24.7,2.5,1.6,7.8,30.2,3,1.1,4.1,0.247,5.5,0.7,6.3,1.7,102.1,32742000
"Meyers Leonard",1,0,0,0,0,0,0,28,0,0,0,0,0,0,0,0,0,0,0,0,0,0,0,1,0,0,0,0,0,0,0,0,0,0,0,0,0,0,0,3,2,9.7,1,2.3,1,2.3,0,0,0.643,0.3,0.7,0,2.3,2.3,0.7,0,0,0.7,1.7,3.3,6.6,0.635,1,0.286,0,25.7,13.6,10,0,0,20.2,15.2,0,0,0,0.04,-3.5,-0.9,-4.4,0,111.1,11286515
"Caris LeVert",0,0,0,0,0,0,1,26,0,0,1,0,0,0,0,0,0,0,0,0,0,0,0,0,0,0,0,0,0,0,0,0,0,0,0,0,0,0,0,12,4,27.8,7.3,16.7,1.8,5.3,5.4,11.4,0.49,2.2,2.8,0.8,3.5,4.3,6,1.1,0.5,2.2,1.7,18.5,19.1,0.516,0.315,0.17,3.6,13.3,8.7,33.6,1.8,1.5,10.8,31.2,0.3,0.2,0.6,0.08,1.3,-0.7,0.6,0.2,86.6,2625717
"Damian Lillard",0,0,0,1,0,0,0,30,0,0,0,0,0,0,0,0,0,0,0,0,0,0,0,0,0,0,0,0,0,0,0,0,1,0,0,0,0,0,0,27,27,35.9,9.2,20.4,4.1,10.8,5.1,9.6,0.553,7.2,7.7,0.5,3.9,4.4,7.7,1.1,0.3,3.1,1.6,29.8,27.1,0.625,0.529,0.379,1.4,12.2,6.5,36.2,1.5,0.7,11.7,32.2,4.2,0.3,4.5,0.225,7.7,-1.4,6.3,2.1,88.5,29802321
"Nassir Little",0,0,1,0,0,0,0,20,0,0,0,0,0,0,0,0,0,0,0,0,0,0,0,0,0,0,0,0,0,0,0,0,1,0,0,0,0,0,0,13,2,10.8,1.7,3.1,0.8,1.4,0.8,1.7,0.688,0.6,0.7,0.8,1.2,2,0.2,0.2,0.3,0.5,0.8,4.8,16.3,0.717,0.45,0.225,7.2,12.7,9.8,3.1,0.7,2.6,13.7,15.5,0.3,0,0.4,0.132,1.6,-2,-0.4,0.1,99.8,2105520
"Kevon Looney",1,0,0,0,0,0,0,24,0,0,0,0,0,0,0,0,0,1,0,0,0,0,0,0,0,0,0,0,0,0,0,0,0,0,0,0,0,0,0,21,5,14.7,1.6,2.5,0.1,0.2,1.5,2.3,0.642,0.4,0.6,1.5,2.6,4.1,1.8,0.3,0.3,0.7,1.8,3.7,13.9,0.656,0.094,0.245,11.1,18.3,14.8,16,1.1,1.7,19.3,10,0.7,0.4,1.1,0.166,-1,0.8,-0.2,0.1,100.7,4464286
"Brook Lopez",1,0,0,0,0,0,0,32,0,0,0,0,0,0,0,0,0,0,0,0,0,0,0,0,1,0,0,0,0,0,0,0,0,0,0,0,0,0,0,28,28,27.1,3.9,8.5,1.6,4.6,2.3,3.9,0.557,1.3,1.6,1.5,3.6,5.1,0.6,0.5,1.3,0.8,1.9,10.8,13.4,0.587,0.54,0.186,6,13.6,9.9,2.8,0.8,4.3,7.9,15.4,1,0.8,1.8,0.112,0,-0.9,-0.9,0.2,120.2,12093024
"Robin Lopez",1,0,0,0,0,0,0,32,0,0,0,0,0,0,0,0,0,0,0,0,0,0,0,0,0,0,0,0,0,0,0,0,0,0,0,0,0,0,1,26,9,19.4,3.1,5.3,0.2,0.5,3,4.8,0.606,1.6,2.3,2.2,2,4.2,1,0.2,0.5,1,1.9,8,15,0.632,0.088,0.445,11.4,11.2,11.3,7.2,0.5,2.4,13.7,15.5,0.9,0.2,1.1,0.108,-0.7,-2,-2.6,-0.1,115.7,4767000
"Kevin Love",0,0,1,0,0,0,0,32,0,0,0,0,0,1,0,0,0,0,0,0,0,0,0,0,0,0,0,0,0,0,0,0,0,0,0,0,0,0,0,2,2,23,3,9,1.5,4.5,1.5,4.5,0.417,2,2.5,1,5,6,2.5,0.5,0,1.5,0.5,9.5,11.2,0.47,0.5,0.278,4.7,25,14.5,16,1.1,0,12.9,21.7,0,0,0,0.007,-1.2,-0.8,-2.1,0,117.9,28942830
"Kyle Lowry",0,0,0,1,0,0,0,34,0,0,0,0,0,0,0,0,0,0,0,0,0,0,0,0,0,0,0,0,0,0,0,0,0,0,0,1,0,0,0,25,25,34.4,6,13.2,2.8,7.1,3.2,6.1,0.556,3,3.5,0.8,4.6,5.4,6.4,1.2,0.2,2.9,3.2,17.7,16.3,0.601,0.539,0.264,2.4,15.5,8.7,28.1,1.6,0.5,16.4,21.9,1.5,0.7,2.2,0.124,1.3,-0.8,0.5,0.6,93,33296296
"Trey Lyles",0,0,1,0,0,0,0,25,0,0,0,0,0,0,0,0,0,0,0,0,0,0,0,0,0,0,0,0,0,0,0,0,0,0,1,0,0,0,0,14,2,11.8,1.3,2.6,0.3,1.1,1,1.5,0.556,0.6,1.1,0.5,2.6,3.1,0.5,0,0,0,0.4,3.5,11.6,0.575,0.417,0.417,4.3,23.2,13.5,5.6,0,0,0,11.1,0.3,0.1,0.4,0.116,-0.5,-1.1,-1.6,0,109.3,5500000
"Thon Maker",1,0,0,0,0,0,0,23,0,0,0,0,0,1,0,0,0,0,0,0,0,0,0,0,0,0,0,0,0,0,0,0,0,0,0,0,0,0,0,8,0,9.5,1.3,2.3,0,0.3,1.3,2,0.556,1.3,1.4,1,1.3,2.3,0.5,0.3,0.5,0.4,0.9,3.8,18.9,0.657,0.111,0.611,11.3,15.1,13.1,7.8,1.3,4.8,11.6,14.6,0.2,0.1,0.3,0.173,0.3,1.2,1.5,0.1,98,3569643
"Terance Mann",0,0,0,0,0,0,1,24,0,0,0,0,0,0,0,0,0,0,0,0,1,0,0,0,0,0,0,0,0,0,0,0,0,0,0,0,0,0,0,27,3,15.1,1.6,3.5,0.2,0.9,1.4,2.6,0.489,0.9,1.2,0.9,2.4,3.3,1.1,0.5,0.2,0.7,1.5,4.3,11.2,0.537,0.255,0.34,7.1,17.4,12.4,10,1.6,1.1,14.3,13.7,0.3,0.5,0.8,0.094,-2.5,-0.1,-2.6,-0.1,97.5,1e+06
"Lauri Markkanen",0,0,1,0,0,0,0,23,0,0,0,1,0,0,0,0,0,0,0,0,0,0,0,0,0,0,0,0,0,0,0,0,0,0,0,0,0,0,0,14,14,30.4,6.8,13.2,2.9,7.2,3.9,6,0.622,2.7,3.2,0.6,5.5,6.1,0.9,0.6,0.4,1.7,2.2,19.1,17.2,0.654,0.546,0.243,2.1,19.7,11.1,4.3,1,1,10.5,22.8,0.6,0.4,1,0.117,1.8,-1.4,0.3,0.3,108.9,5300400
"Wesley Matthews",0,0,0,0,0,0,1,34,0,0,0,0,0,0,0,0,0,0,0,0,0,1,0,0,0,0,0,0,0,0,0,0,0,0,0,0,0,0,0,22,1,20.4,1.6,4.1,1.3,3.3,0.4,0.8,0.556,0.5,0.7,0.4,1,1.4,1.1,0.5,0.4,0.4,1.5,5.1,8.2,0.58,0.811,0.167,2.1,5.3,3.7,7.1,1.1,1.5,7.6,10.1,0.4,0.6,1,0.11,-1.8,0.2,-1.5,0,99.8,2564753
"CJ McCollum",0,0,0,0,0,0,1,29,0,0,0,0,0,0,0,0,0,0,0,0,0,0,0,0,0,0,0,0,0,0,0,0,1,0,0,0,0,0,0,13,13,33.8,9.5,20,4.8,11,4.6,9,0.594,2.9,3.5,0.5,3.4,3.9,5,1.3,0.3,1,2.2,26.7,26.4,0.62,0.55,0.173,1.6,11.1,6.2,25.8,1.9,0.8,4.4,28.5,1.9,0.2,2.1,0.23,7.7,-0.7,6.9,1,89.4,27556959
"Doug McDermott",0,0,1,0,0,0,0,29,0,0,0,0,0,0,0,0,0,0,0,1,0,0,0,0,0,0,0,0,0,0,0,0,0,0,0,0,0,0,0,28,8,26.2,5.1,10.1,1.5,4.3,3.6,5.8,0.587,1.3,1.6,1,3.1,4.1,1.4,0.3,0.1,1.1,1.8,13.1,13.8,0.607,0.429,0.156,4.3,12.8,8.6,7.7,0.5,0.2,9.1,19.6,0.9,0.4,1.4,0.089,0.5,-2.2,-1.7,0.1,98.9,7333333
"JaVale McGee",1,0,0,0,0,0,0,33,0,0,0,0,0,1,0,0,0,0,0,0,0,0,0,0,0,0,0,0,0,0,0,0,0,0,0,0,0,0,0,20,1,15.7,3.1,6.8,0.3,0.8,2.9,6,0.478,1.3,2.2,1.7,3.9,5.6,1,0.5,1.2,1.3,2.5,7.8,16.5,0.502,0.119,0.326,11.6,28.6,19.8,10.4,1.4,7,13.9,24.6,-0.2,0.5,0.3,0.049,-2.7,0.5,-2.2,0,122.5,4e+06
"Rodney McGruder",0,0,0,0,0,0,1,29,0,0,0,0,0,0,0,0,1,0,0,0,0,0,0,0,0,0,0,0,0,0,0,0,0,0,0,0,0,0,0,8,0,8,1.1,2.4,0.4,0.9,0.8,1.5,0.553,0.4,0.4,0.4,0.8,1.1,0.8,0,0.1,0.5,0.5,3,11.1,0.591,0.368,0.158,5.1,11,7.9,14.5,0,1.4,16.4,16.4,0.1,0,0.1,0.056,-0.9,-1.7,-2.5,0,93,4807693
"Alfonzo McKinnie",0,0,0,0,1,0,0,28,0,0,0,0,0,0,0,0,0,0,0,0,0,1,0,0,0,0,0,0,0,0,0,0,0,0,0,0,0,0,0,14,0,3.1,0.7,1.1,0.2,0.4,0.5,0.8,0.719,0.1,0.3,0.4,0.4,0.9,0.1,0.1,0,0.1,0.3,1.8,22.7,0.704,0.313,0.25,15.8,14.7,15.3,3.5,1.1,0,5.3,18.5,0.2,0.1,0.2,0.254,4.6,-1.2,3.4,0.1,97.5,2391985
"Ben McLemore",0,0,0,0,0,0,1,27,0,0,0,0,0,0,0,0,0,0,1,0,0,0,0,0,0,0,0,0,0,0,0,0,0,0,0,0,0,0,0,20,2,15.2,2.2,5.8,1.4,4.2,0.8,1.6,0.496,0.7,0.9,0.4,1.8,2.2,1,0.6,0.1,1.1,1.3,6.4,8.6,0.517,0.722,0.157,2.4,12.7,7.5,9.3,1.9,0.3,14.6,20.2,-0.3,0.4,0.1,0.012,-3.1,-0.9,-4,-0.2,85.7,2028594
"De'Anthony Melton",0,0,0,1,0,0,0,22,0,0,0,0,0,0,0,0,0,0,0,0,0,0,1,0,0,0,0,0,0,0,0,0,0,0,0,0,0,0,0,12,0,21.5,4,8.3,1.6,3.6,2.4,4.8,0.575,0.4,0.7,0.3,2.7,3,3.2,0.9,1,1.4,2.1,10,15.6,0.58,0.43,0.08,1.7,14.1,7.7,21.2,2,4.3,14.1,19.8,0.2,0.3,0.5,0.094,0,1.3,1.2,0.2,86.2,1416852
"Chimezie Metu",1,0,0,0,0,0,0,23,0,0,0,0,0,0,0,0,0,0,0,0,0,0,0,0,0,0,0,0,0,0,0,0,0,1,0,0,0,0,0,11,0,6.5,1.4,2.7,0.1,0.3,1.3,2.5,0.517,0.5,0.8,1,1.1,2.1,0.5,0.3,0.5,0.5,0.9,3.4,20.3,0.545,0.1,0.3,16.8,18.7,17.7,10.6,2,7.1,15,24,0.1,0.1,0.1,0.089,-0.7,-0.5,-1.3,0,102.1,1416852
"Khris Middleton",0,0,0,0,1,0,0,29,0,0,0,0,0,0,0,0,0,0,0,0,0,0,0,0,1,0,0,0,0,0,0,0,0,0,0,0,0,0,0,28,28,33,7.5,14.6,2.4,5.5,5,9.1,0.593,3,3.3,0.7,5.1,5.8,5.8,1,0.1,2.5,2.8,20.3,20.1,0.632,0.376,0.224,2.4,16,9.3,24.8,1.5,0.4,13.6,23.7,2.5,0.9,3.4,0.177,3.5,-0.6,3,1.2,98.4,30603448
"Darius Miller",0,0,0,0,1,0,0,30,0,0,0,0,0,0,0,0,0,0,0,0,0,0,0,0,0,0,0,0,1,0,0,0,0,0,0,0,0,0,0,12,0,9.3,0.9,2,0.8,1.8,0.2,0.3,0.646,0.3,0.3,0.1,1.2,1.3,0.8,0.4,0.3,0.4,0.8,2.8,12.5,0.671,0.875,0.125,0.9,13,7,12.5,2.1,3.1,16.5,11.8,0.1,0.2,0.3,0.117,-0.9,2.4,1.5,0.1,102.1,7250000
"Paul Millsap",0,0,1,0,0,0,0,35,0,0,0,0,0,0,0,1,0,0,0,0,0,0,0,0,0,0,0,0,0,0,0,0,0,0,0,0,0,0,0,26,26,23.9,3.8,7.3,1.2,3,2.6,4.3,0.608,1.6,2.3,1.6,3.6,5.2,1.7,0.8,0.5,1,2.1,10.4,17,0.63,0.413,0.312,7.4,17,12.2,9.6,1.7,2.2,10.8,16.9,1.3,0.6,2,0.152,1.6,-0.7,0.9,0.5,113.4,30350000
"Shake Milton",0,0,0,0,0,0,1,24,0,0,0,0,0,0,0,0,0,0,0,0,0,0,0,0,0,0,0,0,0,0,1,0,0,0,0,0,0,0,0,22,1,24.4,4.9,10.9,1,3.3,3.9,7.6,0.498,3.2,3.6,0.5,1.4,1.9,3,0.7,0.2,1.5,2.2,14,15.3,0.562,0.301,0.335,2.5,5.9,4.3,18.6,1.4,0.7,11,24.3,0.7,0.4,1.2,0.103,-0.7,-1.3,-2,0,93,1445697
"Donovan Mitchell",0,0,0,0,0,0,1,24,0,0,0,0,0,0,0,0,0,0,0,0,0,0,0,0,0,0,0,0,0,0,0,0,0,0,0,0,0,1,0,27,27,33.6,8.3,19.4,3.4,8.6,4.9,10.8,0.514,4.2,5.1,1,3.4,4.4,5.1,0.9,0.4,3,2.2,24.2,18.9,0.559,0.445,0.261,3.2,10.3,6.9,25.3,1.3,0.9,12,31.4,1.6,1.1,2.7,0.145,2.7,-1,1.7,0.8,95.7,3635760
"Malik Monk",0,0,0,0,0,0,1,22,0,0,0,0,1,0,0,0,0,0,0,0,0,0,0,0,0,0,0,0,0,0,0,0,0,0,0,0,0,0,0,15,0,21.1,3.6,8,2.2,4.4,1.4,3.6,0.588,1.1,1.3,0.3,2,2.3,1.8,0.3,0.1,1.1,1.3,10.5,13,0.613,0.55,0.167,1.7,10.3,5.9,12.6,0.6,0.6,11.7,19.6,0.4,0.1,0.5,0.08,0.6,-2,-1.4,0,89.4,4028400
"E'Twaun Moore",0,0,0,0,0,0,1,31,0,0,0,0,0,0,0,0,0,0,0,0,0,0,0,0,0,0,0,0,0,0,0,1,0,0,0,0,0,0,0,14,1,16.2,2.3,5.2,0.4,1.4,1.9,3.9,0.473,0.4,0.6,0.4,1.1,1.4,1.6,0.8,0.1,0.9,1.6,5.4,8.7,0.49,0.26,0.11,2.5,7.2,4.9,13.6,2.4,0.4,14.5,17.7,-0.2,0.3,0.1,0.023,-5,0.7,-4.3,-0.1,86.6,8664928
"Ja Morant",0,0,0,1,0,0,0,21,0,0,0,0,0,0,0,0,0,0,0,0,0,0,1,0,0,0,0,0,0,0,0,0,0,0,0,0,0,0,0,16,16,30.3,6.8,14.9,0.8,3.3,6,11.6,0.485,4.3,5.4,0.8,2.3,3.1,8.3,0.9,0.3,3.2,1.4,18.8,18.7,0.544,0.218,0.361,2.7,8.7,5.6,41.6,1.4,0.8,15.6,28.7,0.6,0.3,0.9,0.09,1.9,-2.9,-1,0.1,78.9,8730240
"Marcus Morris",0,0,1,0,0,0,0,31,0,0,0,0,0,0,0,0,0,0,0,0,1,0,0,0,0,0,0,0,0,0,0,0,0,0,0,0,0,0,0,21,2,25,4.5,10,2.5,5,2,5,0.576,1.7,1.9,0.8,3,3.8,0.9,0.6,0.3,1,1.8,13.2,15,0.609,0.502,0.185,3.5,13.3,8.6,5,1.1,1,8.4,21,0.8,0.5,1.3,0.116,1,-1.8,-0.8,0.2,106.6,1.5e+07
"Markieff Morris",0,0,1,0,0,0,0,31,0,0,0,0,0,0,0,0,0,0,0,0,0,1,0,0,0,0,0,0,0,0,0,0,0,0,0,0,0,0,0,23,2,15.3,1.6,4,0.9,2.7,0.7,1.3,0.495,0.6,0.8,0.6,2.9,3.5,0.9,0.2,0.3,0.5,1.5,4.6,8.9,0.52,0.667,0.194,4.6,20.2,12.7,7.4,0.5,1.5,10.6,13.9,0.1,0.6,0.7,0.093,-2.2,-0.3,-2.6,0,111.1,3709887
"Monte Morris",0,0,0,1,0,0,0,25,0,0,0,0,0,0,0,1,0,0,0,0,0,0,0,0,0,0,0,0,0,0,0,0,0,0,0,0,0,0,0,27,3,26,4.1,8.5,1.3,3.2,2.9,5.3,0.563,1.2,1.7,0.3,1.9,2.1,3.3,0.7,0.3,0.6,0.8,10.8,14.9,0.583,0.38,0.205,1.1,8.1,4.6,17.8,1.3,1,6.4,16.5,1.4,0.4,1.8,0.123,1.1,-1.4,-0.3,0.3,79.4,1588231
"Dejounte Murray",0,0,0,1,0,0,0,24,0,0,0,0,0,0,0,0,0,0,0,0,0,0,0,0,0,0,0,0,0,0,0,0,0,0,1,0,0,0,0,27,27,30.4,6.2,13.9,1,3.3,5.1,10.6,0.484,1.7,2.1,0.6,6.6,7.2,5,1.6,0.1,1.7,2.1,15.1,16.4,0.512,0.238,0.155,2.1,22.9,12.2,25,2.4,0.2,10.1,23.2,0.2,1.3,1.5,0.087,-0.7,1,0.3,0.5,77.1,2321735
"Jamal Murray",0,0,0,1,0,0,0,23,0,0,0,0,0,0,0,1,0,0,0,0,0,0,0,0,0,0,0,0,0,0,0,0,0,0,0,0,0,0,0,26,26,34.9,7.2,15.9,2.3,6.3,4.9,9.6,0.523,2.8,3.4,0.7,3.6,4.3,4.5,1.1,0.3,2.3,2.1,19.4,15.8,0.557,0.399,0.215,2.4,11.6,7,19.3,1.6,0.7,11.5,24.5,1,0.7,1.7,0.089,1.2,-1.7,-0.6,0.3,91.2,4444746
"Mike Muscala",1,0,0,0,0,0,0,29,0,0,0,0,0,0,0,0,0,0,0,0,0,0,0,0,0,0,0,0,1,0,0,0,0,0,0,0,0,0,0,26,0,19,3.4,7.6,2,5.3,1.4,2.3,0.576,1.1,1.2,0.5,3.2,3.7,0.9,0.3,0.3,0.7,1.5,9.9,14.6,0.606,0.692,0.162,3,17,10.1,7.3,0.7,1.2,7.4,20,0.6,0.5,1.1,0.105,0.8,-1.4,-0.6,0.2,104.3,2028594
"Sviatoslav Mykhailiuk",0,0,0,0,1,0,0,23,0,0,0,0,0,0,0,0,1,0,0,0,0,0,0,0,0,0,0,0,0,0,0,0,0,0,0,0,0,0,0,27,0,15.4,2.1,5.6,1.4,4.3,0.7,1.3,0.503,0.8,0.9,0.3,1.6,1.9,1.2,0.6,0.2,0.7,0.9,6.4,11.6,0.536,0.767,0.16,1.8,12.1,6.7,12.2,2,1.1,10.1,18.5,0.1,0.4,0.5,0.056,-0.4,-0.4,-0.9,0.1,93,1416852
"Abdel Nader",0,0,0,0,1,0,0,27,0,0,0,0,0,0,0,0,0,0,0,0,0,0,0,0,0,0,0,0,0,0,0,1,0,0,0,0,0,0,0,12,0,14.3,2.6,5.2,0.8,2.1,1.8,3.1,0.581,1.2,1.5,0,2.4,2.4,0.9,0.4,0.1,0.7,1.1,7.2,14.8,0.615,0.403,0.29,0,18.3,9.3,9.5,1.4,0.5,10.3,20.3,0.2,0.2,0.4,0.112,-0.2,1,0.8,0.1,102.1,1618520
"Raul Neto",0,0,0,1,0,0,0,28,0,0,0,0,0,0,0,0,0,0,0,0,0,0,0,0,0,0,0,0,0,0,0,0,0,0,0,0,0,0,1,21,6,18.9,3.1,6.7,1,2.7,2.1,4,0.543,0.8,1,0.5,1.8,2.2,1.7,1,0.1,0.6,1.3,8,13.6,0.564,0.404,0.142,2.6,10.1,6.2,12.9,2.5,0.4,8,17,0.4,0.3,0.7,0.08,-1.1,-0.2,-1.3,0.1,77.1,1737145
"Georges Niang",0,0,1,0,0,0,0,27,0,0,0,0,0,0,0,0,0,0,0,0,0,0,0,0,0,0,0,0,0,0,0,0,0,0,0,0,0,1,0,29,0,13.1,1.8,4.7,1,3.2,0.8,1.5,0.5,0.2,0.2,0.3,1.9,2.2,0.8,0.4,0.1,0.7,1.5,4.9,8.3,0.51,0.684,0.037,2.9,14.4,8.9,8.1,1.4,0.6,12.1,17.7,-0.1,0.5,0.5,0.059,-3.3,0.2,-3.1,-0.1,104.3,1645357
"Nerlens Noel",1,0,0,0,0,0,0,26,0,0,0,0,0,0,0,0,0,0,0,0,0,0,0,0,0,0,0,1,0,0,0,0,0,0,0,0,0,0,0,25,3,19,1.8,3.1,0,0.1,1.8,3,0.564,0.5,0.9,1.7,3.6,5.3,0.5,0.9,1.9,0.9,2.2,4,14.3,0.57,0.026,0.282,9.4,19.7,14.7,3.6,2.4,9.9,20.8,10.3,0.1,1.2,1.3,0.131,-3.2,3.7,0.5,0.3,93.4,1882867
"Frank Ntilikina",0,0,0,1,0,0,0,22,0,0,0,0,0,0,0,0,0,0,0,0,0,0,0,0,0,0,0,1,0,0,0,0,0,0,0,0,0,0,0,4,0,10.5,1.5,3.5,1.3,2.3,0.3,1.3,0.607,0.3,0.8,0.3,0.8,1,0.8,0.8,0,0.5,1.8,4.5,12.4,0.587,0.643,0.214,2.5,7.4,5,10.8,3.6,0,11.5,18.2,0,0.1,0.1,0.113,-1.7,3,1.2,0,86.2,4855800
"David Nwaba",0,0,0,0,1,0,0,28,0,0,0,0,0,0,0,0,0,0,1,0,0,0,0,0,0,0,0,0,0,0,0,0,0,0,0,0,0,0,0,24,9,23.3,3.4,7,0.6,2.2,2.8,4.8,0.524,1.4,2.1,1.2,2.5,3.7,1.1,1.1,0.8,0.6,2.1,8.8,13.4,0.553,0.315,0.298,5.4,11.3,8.3,6.9,2.2,2.8,7.3,15.6,0.5,0.8,1.3,0.114,-2,1.1,-0.8,0.2,95.3,2581965
"Royce O'Neale",0,0,0,0,1,0,0,27,0,0,0,0,0,0,0,0,0,0,0,0,0,0,0,0,0,0,0,0,0,0,0,0,0,0,0,0,0,1,0,29,29,32.6,2.7,5.8,1.8,4.1,0.9,1.7,0.612,0.8,0.9,1.1,5.7,6.9,2.3,0.8,0.7,1.1,2.9,7.9,10.5,0.635,0.704,0.154,3.9,17.8,11.2,9.1,1.2,1.6,15.5,9.7,1.2,1.5,2.7,0.135,-1.1,1.7,0.6,0.6,102.5,1618520
"Semi Ojeleye",0,0,1,0,0,0,0,26,0,1,0,0,0,0,0,0,0,0,0,0,0,0,0,0,0,0,0,0,0,0,0,0,0,0,0,0,0,0,0,27,6,19.6,2,4.7,1.3,3.3,0.7,1.4,0.547,0.7,0.9,0.6,2.5,3.1,0.9,0.3,0,0.4,1.2,5.9,9.2,0.568,0.703,0.195,3.5,14.7,8.9,5.8,0.7,0,7.9,12.2,0.5,0.4,0.9,0.08,-0.9,-1.1,-2,0,106.6,1618520
"Jahlil Okafor",1,0,0,0,0,0,0,25,0,0,0,0,0,0,0,0,1,0,0,0,0,0,0,0,0,0,0,0,0,0,0,0,0,0,0,0,0,0,0,12,0,10,2.1,3.5,0,0.3,2.1,3.3,0.595,0.1,0.2,1.1,1.2,2.3,0.3,0.2,0.2,0.3,0.8,4.3,15.6,0.595,0.071,0.048,11.7,13.6,12.6,4.3,0.8,1.5,8.5,16.9,0.2,0.1,0.2,0.099,-0.6,-2.5,-3.1,0,122.5,1702486
"Chuma Okeke",0,0,1,0,0,0,0,22,0,0,0,0,0,0,0,0,0,0,0,0,0,0,0,0,0,0,0,0,0,1,0,0,0,0,0,0,0,0,0,13,0,21.7,1.7,4.5,0.7,2.2,1,2.2,0.457,0.2,0.5,1.2,2.2,3.4,2.1,0.8,0.3,0.7,1,4.3,9.4,0.462,0.5,0.103,5.7,10.7,8.1,13.1,1.9,1.3,12.9,10.5,0,0.3,0.3,0.055,-2.6,0.2,-2.4,0,104,2773550
"Josh Okogie",0,0,0,0,0,0,1,22,0,0,0,0,0,0,0,0,0,0,0,0,0,0,0,0,0,1,0,0,0,0,0,0,0,0,0,0,0,0,0,23,18,20.3,1.7,4.8,0.4,2,1.2,2.8,0.391,1.3,1.7,1,1.6,2.6,1.2,0.8,0.6,0.7,1.9,5,7.7,0.454,0.418,0.345,4.8,9,6.8,7.6,1.9,2.5,11.8,12.9,-0.2,0.3,0.1,0.015,-4.7,-0.3,-5,-0.4,96.6,2530680
"KZ Okpala",0,0,1,0,0,0,0,21,0,0,0,0,0,0,0,0,0,0,0,0,0,0,0,1,0,0,0,0,0,0,0,0,0,0,0,0,0,0,0,14,5,12,0.9,2.2,0.5,1.4,0.4,0.9,0.5,0.1,0.4,0.3,1.1,1.4,0.4,0.2,0.1,0.6,1.4,2.4,3.2,0.49,0.613,0.194,2.8,10.1,6.7,5,0.9,1.2,19.2,11,-0.2,0.1,0,-0.013,-6.2,-1.3,-7.6,-0.2,97.5,898310
"Victor Oladipo",0,0,0,0,0,0,1,28,0,0,0,0,0,0,0,0,0,0,0,0,0,0,0,0,0,0,0,0,0,0,0,0,0,0,0,0,1,0,0,20,20,32,7,17.5,2.4,7.3,4.6,10.2,0.47,2.7,3.7,0.2,5,5.2,4.6,1.4,0.4,2.2,2.4,19.1,14.5,0.501,0.418,0.209,0.7,16.9,8.8,23.2,2,1.1,10.4,28.5,-0.4,0.9,0.5,0.037,-0.2,-0.5,-0.7,0.2,96.6,2.1e+07
"Kelly Olynyk",1,0,0,0,0,0,0,29,0,0,0,0,0,0,0,0,0,0,0,0,0,0,0,1,0,0,0,0,0,0,0,0,0,0,0,0,0,0,0,27,22,26,3.6,8.5,2.1,6.1,1.5,2.3,0.548,0.6,0.8,1,4.8,5.8,2,0.8,0.7,1.3,2.6,9.9,12,0.558,0.725,0.092,4.6,19.5,12.5,11.8,1.5,2.6,12.8,17.3,0.1,1,1.1,0.074,-0.8,0.4,-0.4,0.3,106.1,12667885
"Miye Oni",0,0,0,0,0,0,1,23,0,0,0,0,0,0,0,0,0,0,0,0,0,0,0,0,0,0,0,0,0,0,0,0,0,0,0,0,0,1,0,23,0,8,0.4,1.3,0.4,1.1,0,0.2,0.468,0.2,0.3,0.5,1.3,1.8,0.3,0.1,0.2,0.3,1.1,1.5,6,0.505,0.839,0.194,7.2,15.9,11.7,4.1,0.8,1.7,17.2,9.4,0,0.3,0.3,0.079,-4.1,0.5,-3.6,-0.1,95.3,898310
"Cedi Osman",0,0,0,0,1,0,0,25,0,0,0,0,0,1,0,0,0,0,0,0,0,0,0,0,0,0,0,0,0,0,0,0,0,0,0,0,0,0,0,29,13,26.4,4.1,10.9,2.1,6.1,2.1,4.8,0.476,1.1,1.4,0.7,2.7,3.3,2.6,0.9,0.1,1,2.1,11.5,11.2,0.499,0.559,0.133,2.8,11.5,7,14.8,1.6,0.4,8.3,20.4,0.2,0.4,0.6,0.035,-0.9,-1,-1.9,0,97.5,2907143
"Eric Paschall",0,0,1,0,0,0,0,24,0,0,0,0,0,0,0,0,0,1,0,0,0,0,0,0,0,0,0,0,0,0,0,0,0,0,0,0,0,0,0,26,2,17.7,3.9,7.7,0.5,1.4,3.5,6.3,0.537,1.7,2.4,0.9,2.5,3.4,1.3,0.2,0.1,0.8,1.7,10,15,0.571,0.179,0.313,5.3,14.5,10,11.3,0.5,0.6,8,23,0.5,0.4,0.9,0.099,-0.6,-1.8,-2.5,-0.1,115.7,898310
"Chris Paul",0,0,0,1,0,0,0,35,0,0,0,0,0,0,0,0,0,0,0,0,0,0,0,0,0,0,0,0,0,0,0,1,0,0,0,0,0,0,0,26,26,32.4,6.5,13.4,1.5,4,5.1,9.4,0.543,2.7,2.7,0.6,4.1,4.7,8.2,1.2,0.3,2.3,2.7,17.2,20.4,0.589,0.296,0.204,2,13.8,8,38.9,1.9,0.7,13.9,23.4,2.2,1.1,3.2,0.183,2.7,1.2,3.9,1.3,79.4,38506482
"Cameron Payne",0,0,0,1,0,0,0,26,0,0,0,0,0,0,0,0,0,0,0,0,0,0,0,0,0,0,0,0,0,0,0,1,0,0,0,0,0,0,0,16,0,17.2,2.6,5.6,0.9,2.4,1.6,3.2,0.545,0.6,0.6,0.1,1.8,1.9,3.6,0.6,0.2,1.2,2.1,6.6,13.5,0.57,0.427,0.101,0.8,11,6,30,1.6,1,17,18.3,0.3,0.3,0.6,0.111,-0.7,0.9,0.2,0.2,81.6,346288
"Elfrid Payton",0,0,0,1,0,0,0,26,0,0,0,0,0,0,0,0,0,0,0,0,0,0,0,0,0,0,0,1,0,0,0,0,0,0,0,0,0,0,0,30,30,27.7,5.2,11.8,0.5,1.9,4.7,9.9,0.46,1.4,1.9,1.3,2.6,3.8,3.6,0.6,0.2,1.9,2,12.2,11.9,0.484,0.158,0.161,4.9,9.5,7.3,20.9,1.1,0.7,13.1,23.2,-0.4,0.9,0.5,0.028,-2.3,-1.1,-3.4,-0.3,83.9,8e+06
"Theo Pinson",0,0,0,0,0,0,1,25,0,0,0,0,0,0,0,0,0,0,0,0,0,0,0,0,0,0,0,1,0,0,0,0,0,0,0,0,0,0,0,9,0,2.3,0.1,0.8,0,0.7,0.1,0.1,0.143,0,0,0,0.1,0.1,0,0,0,0,0.3,0.2,-9.7,0.143,0.857,0,0,4.9,2.5,0,0,0,0,14.7,-0.1,0,-0.1,-0.223,-13.7,-3.7,-17.4,-0.1,99.8,1445697
"Mason Plumlee",1,0,0,0,0,0,0,30,0,0,0,0,0,0,0,0,1,0,0,0,0,0,0,0,0,0,0,0,0,0,0,0,0,0,0,0,0,0,0,26,26,27.9,4.2,7,0,0.2,4.2,6.8,0.596,1.8,2.6,3,5.8,8.8,3.4,0.9,0.7,2,3.5,10.2,17.2,0.622,0.027,0.372,11.7,24.3,17.8,19.3,1.6,2.2,19.9,15.8,1.3,0.9,2.1,0.142,-0.3,1.2,0.9,0.5,108,14041096
"Jakob Poeltl",1,0,0,0,0,0,0,25,0,0,0,0,0,0,0,0,0,0,0,0,0,0,0,0,0,0,0,0,0,0,0,0,0,0,1,0,0,0,0,27,9,22.2,3,4.9,0,0,3,4.9,0.611,0.4,1.4,3,4,7,1.7,0.6,1.5,1.1,2.1,6.4,16.5,0.582,0,0.29,13.6,19.1,16.3,10.5,1.3,5.8,17.3,12.8,0.8,1,1.8,0.14,-1,0.8,-0.2,0.3,108.4,3754885
"Vincent Poirier",1,0,0,0,0,0,0,27,0,0,0,0,0,0,0,0,0,0,0,0,0,0,0,0,0,0,0,0,0,0,1,0,0,0,0,0,0,0,0,4,0,4.5,0.3,0.8,0,0,0.3,0.8,0.333,0.5,1,0.5,0.5,1,0.3,0,0.5,0.3,0.3,1,10.4,0.42,0,1.333,12.6,11.8,12.2,6.9,0,9.9,17.4,13.5,0,0,0,0.038,-4,0.1,-3.8,0,106.6,2505793
"Jordan Poole",0,0,0,0,0,0,1,21,0,0,0,0,0,0,0,0,0,1,0,0,0,0,0,0,0,0,0,0,0,0,0,0,0,0,0,0,0,0,0,15,0,9.5,1.7,4.1,0.9,2.6,0.9,1.5,0.533,1.2,1.3,0.1,1.1,1.2,0.9,0.2,0.1,0.5,0.9,5.5,14.6,0.598,0.639,0.311,1.5,11.5,6.6,13.4,1,1.2,10.3,22.9,0.2,0.1,0.3,0.108,0.2,-0.8,-0.6,0.1,88,1964760
"Otto Porter",0,0,0,0,1,0,0,27,0,0,0,1,0,0,0,0,0,0,0,0,0,0,0,0,0,0,0,0,0,0,0,0,0,0,0,0,0,0,0,16,6,23.3,4,9,1.8,4.4,2.3,4.6,0.542,1.9,2.3,1.3,5,6.3,2,0.6,0.2,0.9,1.6,11.6,16.5,0.582,0.486,0.25,6.1,23.5,14.9,12.2,1.1,0.7,8.6,20,0.6,0.4,1,0.131,1.5,-1.1,0.3,0.2,89.8,27250576
"Bobby Portis",1,0,0,0,0,0,0,25,0,0,0,0,0,0,0,0,0,0,0,0,0,0,0,0,1,0,0,0,0,0,0,0,0,0,0,0,0,0,0,28,1,21.8,5,9,1.1,2.2,3.9,6.8,0.615,0.7,1,2,5.3,7.3,1.1,0.9,0.4,0.8,2,11.8,20.9,0.622,0.246,0.111,9.8,25.2,17.7,7.2,1.9,1.6,7.4,19.6,1.5,0.9,2.4,0.189,2.6,-0.5,2.1,0.6,111.6,1.5e+07
"Dwight Powell",1,0,0,0,0,0,0,29,0,0,0,0,0,0,1,0,0,0,0,0,0,0,0,0,0,0,0,0,0,0,0,0,0,0,0,0,0,0,0,17,6,16.3,1.4,2.8,0.1,0.4,1.4,2.4,0.521,1.8,2.6,1.2,2.4,3.6,0.9,0.8,0.4,0.6,2.4,4.7,12.7,0.599,0.149,0.957,7.9,16.3,12.1,7.6,2.3,2.1,14.1,12.3,0.4,0.3,0.7,0.118,-2.6,1,-1.6,0,106.1,10259375
"Norman Powell",0,0,0,0,0,0,1,27,0,0,0,0,0,0,0,0,0,0,0,0,0,0,0,0,0,0,0,0,0,0,0,0,0,0,0,1,0,0,0,26,15,28.3,5.5,11.8,2.3,5.3,3.2,6.5,0.56,3,3.4,0.4,2.5,2.9,1.5,1.1,0.2,1.4,2,16.3,15.3,0.609,0.451,0.289,1.6,10,5.6,8,1.8,0.6,9.6,22.3,1,0.5,1.6,0.103,0,-0.8,-0.8,0.2,97.5,10116576
"Taurean Prince",0,0,1,0,0,0,0,26,0,0,0,0,0,0,0,0,0,0,0,0,0,0,0,0,0,0,0,0,0,0,0,0,0,0,0,0,1,0,0,27,10,21.9,2.8,7.2,1.4,3.5,1.4,3.7,0.49,1.7,2,0.4,3.2,3.6,1.7,0.7,0.7,1.1,1.9,8.7,11.7,0.541,0.49,0.273,2.2,16.2,9.2,11.1,1.6,2.8,12.5,18.1,0.1,0.5,0.6,0.053,-1.4,-0.4,-1.8,0,99.8,3481985
"Julius Randle",0,0,1,0,0,0,0,26,0,0,0,0,0,0,0,0,0,0,0,0,0,0,0,0,0,0,0,1,0,0,0,0,0,0,0,0,0,0,0,30,30,36.7,8.1,16.9,1.8,4.5,6.3,12.4,0.535,5.1,6.4,1.4,9.5,10.9,5.5,0.7,0.2,3.3,3.1,23.2,20.7,0.589,0.267,0.379,4,26.6,15.5,25.8,1,0.5,14.2,27.6,1.9,1.7,3.6,0.159,3.3,0.8,4.2,1.7,113.4,1.8e+07
"Naz Reid",1,0,0,0,0,0,0,21,0,0,0,0,0,0,0,0,0,0,0,0,0,0,0,0,0,1,0,0,0,0,0,0,0,0,0,0,0,0,0,27,13,21.5,4.9,9.3,1.1,2.7,3.8,6.6,0.582,1.7,2.3,1.3,3.6,4.9,1.3,0.7,1.2,1.1,3.1,12.5,18.9,0.607,0.292,0.252,6.3,18.7,12.2,10.1,1.5,4.7,10,22.3,0.9,0.6,1.5,0.126,0.1,0.1,0.2,0.3,112.9,898310
"Josh Richardson",0,0,0,0,0,0,1,27,0,0,0,0,0,0,1,0,0,0,0,0,0,0,0,0,0,0,0,0,0,0,0,0,0,0,0,0,0,0,0,19,19,31.6,4.4,10.3,1.5,5.2,2.8,5.2,0.497,2.2,2.4,1,1.9,2.9,2.7,0.8,0.2,1.4,2.9,12.5,11,0.549,0.5,0.23,3.5,6.6,5,12,1.3,0.6,10.8,17.6,0.5,0.2,0.6,0.05,-1.7,-1.6,-3.2,-0.2,90.7,10116576
"Austin Rivers",0,0,0,0,0,0,1,28,0,0,0,0,0,0,0,0,0,0,0,0,0,0,0,0,0,0,0,1,0,0,0,0,0,0,0,0,0,0,0,21,2,21,2.8,6.4,1.3,3.7,1.4,2.8,0.533,0.5,0.7,0.2,2,2.2,2,0.6,0,1,1.5,7.3,9.7,0.545,0.57,0.104,1.2,9.8,5.6,14.1,1.4,0,13.5,16.3,0.1,0.5,0.6,0.06,-2.3,-0.7,-3,-0.1,90.7,2174310
"Duncan Robinson",0,0,0,0,1,0,0,26,0,0,0,0,0,0,0,0,0,0,0,0,0,0,0,1,0,0,0,0,0,0,0,0,0,0,0,0,0,0,0,28,28,33.3,4,9.7,3.3,8.4,0.8,1.4,0.583,1.3,1.5,0,3.8,3.8,1.5,0.4,0.3,1.5,2.3,12.6,8.8,0.607,0.86,0.151,0.1,12,6.4,6.9,0.6,0.8,12.4,15.8,0.2,0.7,0.9,0.046,-1.3,-1.5,-2.7,-0.2,97.5,1416852
"Glenn Robinson III",0,0,0,0,1,0,0,27,0,0,0,0,0,0,0,0,0,0,0,0,0,0,0,0,0,0,0,0,0,0,0,0,0,1,0,0,0,0,0,22,1,15.7,1.8,4.2,0.7,2,1.1,2.3,0.516,1,1,0.3,1.3,1.6,0.9,0.1,0.1,0.5,1,5.3,9.2,0.567,0.462,0.247,2.2,9.3,5.7,7.6,0.4,0.7,8.8,13.9,0.3,-0.1,0.2,0.03,-1.6,-2.8,-4.4,-0.2,95.7,1882867
"Jerome Robinson",0,0,0,0,0,0,1,23,0,0,0,0,0,0,0,0,0,0,0,0,0,0,0,0,0,0,0,0,0,0,0,0,0,0,0,0,0,0,1,13,3,17,1.7,5.2,0.7,2.4,1,2.8,0.396,1.2,1.3,0.2,2.4,2.5,1.4,0.5,0.2,0.8,1.6,5.2,6,0.456,0.463,0.254,0.9,15.2,7.8,10.8,1.3,0.8,12.9,16,-0.2,0.1,-0.1,-0.022,-5.3,-1.7,-7.1,-0.3,86.2,3567720
"Mitchell Robinson",1,0,0,0,0,0,0,22,0,0,0,0,0,0,0,0,0,0,0,0,0,0,0,0,0,0,0,1,0,0,0,0,0,0,0,0,0,0,0,27,27,28.8,3.8,5.8,0,0,3.8,5.8,0.66,0.8,1.7,3.6,4.8,8.4,0.5,1.2,1.5,0.8,2.9,8.4,17.5,0.647,0,0.295,13.3,17.1,15.2,2.7,2.1,5.2,11.1,11.3,1.5,1.5,3,0.185,-0.4,1.2,0.8,0.6,101.2,1559712
"Rajon Rondo",0,0,0,1,0,0,0,34,1,0,0,0,0,0,0,0,0,0,0,0,0,0,0,0,0,0,0,0,0,0,0,0,0,0,0,0,0,0,0,14,2,15.3,1.4,3.9,0.6,1.9,0.8,2.1,0.418,0.1,0.1,0.3,2,2.3,3.9,0.6,0.1,1.4,0.9,3.4,8.9,0.421,0.473,0.036,2,13.9,8.1,34.6,2,0.4,25.4,14.9,-0.2,0.2,0,0.007,-3.2,-0.3,-3.5,-0.1,84.4,2564753
"Derrick Rose",0,0,0,1,0,0,0,32,0,0,0,0,0,0,0,0,0,0,0,0,0,0,0,0,0,0,0,0,0,0,0,0,0,0,0,0,1,0,0,20,0,22.3,5,11.7,0.8,2.4,4.2,9.3,0.462,2.7,3.2,0.4,1.8,2.2,4,1.2,0.4,1.9,1.1,13.5,17.3,0.514,0.205,0.269,1.7,9.1,5.3,31.9,2.5,1.5,12.4,29.2,0.1,0.5,0.5,0.059,0.8,-0.4,0.4,0.3,86.2,7317074
"Terrence Ross",0,0,0,0,0,0,1,29,0,0,0,0,0,0,0,0,0,0,0,0,0,0,0,0,0,0,0,0,0,1,0,0,0,0,0,0,0,0,0,28,1,28.8,5.5,13.3,2,5.7,3.5,7.6,0.488,2.4,2.6,0.3,2.9,3.2,2.1,1,0.5,1.8,2,15.3,12.6,0.53,0.427,0.199,1,11,5.8,12,1.6,1.7,11.2,24.1,-0.1,0.8,0.6,0.037,-1.4,-1,-2.4,-0.1,93.4,12500000
"Terry Rozier",0,0,0,0,0,0,1,26,0,0,0,0,1,0,0,0,0,0,0,0,0,0,0,0,0,0,0,0,0,0,0,0,0,0,0,0,0,0,0,26,26,33.3,7.5,15.2,3.4,7.7,4,7.5,0.602,2.2,2.8,0.6,3.5,4.1,3,1.3,0.5,1.7,2,20.6,18.3,0.625,0.505,0.184,1.8,11.4,6.5,14.6,1.8,1.4,9.5,23.2,1.6,0.8,2.4,0.133,3.2,-0.6,2.6,1,86.2,19894737
"Ricky Rubio",0,0,0,1,0,0,0,30,0,0,0,0,0,0,0,0,0,0,0,0,0,0,0,0,0,1,0,0,0,0,0,0,0,0,0,0,0,0,0,27,12,25.1,2.5,6.7,0.6,2.1,1.9,4.6,0.414,1.6,2,0.4,3,3.4,6.5,1.3,0,2.1,2.2,7.2,11.2,0.475,0.32,0.293,1.7,13.4,7.2,35.1,2.4,0,21.5,16.1,0,0.5,0.5,0.038,-3.7,-0.7,-4.4,-0.4,81.6,16200000
"D'Angelo Russell",0,0,0,1,0,0,0,24,0,0,0,0,0,0,0,0,0,0,0,0,0,0,0,0,0,1,0,0,0,0,0,0,0,0,0,0,0,0,0,20,19,29.2,7,16.3,3,7.4,4,8.9,0.517,2.4,3.2,0.5,2.2,2.6,5.1,1.1,0.5,2.7,2,19.3,16.4,0.544,0.454,0.196,1.6,8.4,4.8,28.9,1.8,1.4,13.2,29.4,0.2,0.3,0.5,0.04,2.3,-1.8,0.4,0.4,87.5,27285000
"Domantas Sabonis",0,0,1,0,0,0,0,24,0,0,0,0,0,0,0,0,0,0,0,1,0,0,0,0,0,0,0,0,0,0,0,0,0,0,0,0,0,0,0,29,29,36.4,8.2,15.5,1,2.8,7.2,12.7,0.56,4.1,5.8,2.8,8.8,11.6,5.7,1,0.7,3.4,3.6,21.5,20.7,0.595,0.18,0.376,8.6,26.4,17.6,24.3,1.3,1.6,15.8,25.6,1.9,1.4,3.3,0.151,2.7,0.8,3.4,1.4,104.8,3529554
"JaKarr Sampson",0,0,1,0,0,0,0,27,0,0,0,0,0,0,0,0,0,0,0,1,0,0,0,0,0,0,0,0,0,0,0,0,0,0,0,0,0,0,0,13,0,6,0.8,1.9,0,0.2,0.8,1.7,0.44,0.6,0.8,0.5,1.5,2,0,0.1,0.2,0.2,0.7,2.3,12.1,0.51,0.12,0.4,10,26.5,18.4,0,0.6,3.3,9.3,18,0,0.1,0.1,0.073,-3.6,-1.8,-5.4,-0.1,101.2,1737145
"Mike Scott",0,0,1,0,0,0,0,32,0,0,0,0,0,0,0,0,0,0,0,0,0,0,0,0,0,0,0,0,0,0,1,0,0,0,0,0,0,0,0,11,3,17.5,1.5,4.4,1,3.5,0.5,0.9,0.448,0.2,0.3,0.4,2.3,2.6,0.1,0.3,0.2,0.5,1.4,4.1,3.9,0.456,0.792,0.063,2.4,13.7,8.2,0.7,0.7,0.9,9.2,11.9,-0.2,0.2,0,0.002,-4.6,-1.9,-6.6,-0.2,107.5,4767000
"Collin Sexton",0,0,0,0,0,0,1,22,0,0,0,0,0,1,0,0,0,0,0,0,0,0,0,0,0,0,0,0,0,0,0,0,0,0,0,0,0,0,0,24,24,35.3,8.4,17.4,1.5,3.6,7,13.8,0.526,4.5,5.5,0.8,1.8,2.5,4.3,1.1,0.2,2.5,2.9,22.8,17.3,0.574,0.206,0.319,2.3,5.8,4,21.1,1.5,0.4,11,27.1,1.2,0.3,1.5,0.085,1.6,-1.5,0.1,0.4,86.2,4764960
"Landry Shamet",0,0,0,0,0,0,1,23,0,0,1,0,0,0,0,0,0,0,0,0,0,0,0,0,0,0,0,0,0,0,0,0,0,0,0,0,0,0,0,26,0,19,2.3,6.2,1.6,4.5,0.8,1.7,0.503,1.1,1.3,0.2,1.3,1.5,1.3,0.5,0.2,0.8,1.3,7.4,9.1,0.544,0.728,0.204,1.2,7.5,4.5,9.1,1.2,0.7,10.6,17.3,0.2,0.2,0.3,0.031,-2.4,-1.6,-4,-0.3,81.6,1995120
"Pascal Siakam",0,0,1,0,0,0,0,26,0,0,0,0,0,0,0,0,0,0,0,0,0,0,0,0,0,0,0,0,0,0,0,0,0,0,0,1,0,0,0,25,25,35.8,7.6,16.8,1.2,4.2,6.4,12.6,0.492,4.1,5.1,2.2,5.6,7.8,4.5,1.2,0.6,2.2,3.1,20.6,17.6,0.541,0.248,0.305,6.6,17.8,12,20.1,1.6,1.7,10.5,25.4,1.2,0.9,2.1,0.113,0.5,-0.8,-0.2,0.4,103,2351838
"Ben Simmons",0,0,0,1,0,0,0,24,0,0,0,0,0,0,0,0,0,0,0,0,0,0,0,0,0,0,0,0,0,0,1,0,0,0,0,0,0,0,0,25,25,33.4,5.8,10.4,0,0.2,5.8,10.2,0.563,3.5,5.3,1.6,6.7,8.3,8,1.7,0.8,3.4,3.2,15.2,19.9,0.599,0.023,0.508,5.4,21.2,13.6,35,2.4,2.1,20.9,20.3,1.5,1.3,2.8,0.163,1.6,2.6,4.2,1.3,108.9,8113929
"Anfernee Simons",0,0,0,0,0,0,1,21,0,0,0,0,0,0,0,0,0,0,0,0,0,0,0,0,0,0,0,0,0,0,0,0,1,0,0,0,0,0,0,25,0,17.9,3,7.4,2.2,5.2,0.8,2.1,0.563,0.8,0.9,0.2,2.1,2.3,1.2,0.2,0.2,0.8,1.7,9,12.7,0.582,0.712,0.125,1.4,13,6.9,10.2,0.7,1,9.8,20.6,0.5,0.1,0.6,0.065,0.7,-2.3,-1.6,0,82.1,2149560
"Marcus Smart",0,0,0,1,0,0,0,26,0,1,0,0,0,0,0,0,0,0,0,0,0,0,0,0,0,0,0,0,0,0,0,0,0,0,0,0,0,0,0,17,17,32.3,4.4,11.1,1.6,5.3,2.7,5.8,0.468,2.7,3.6,0.4,2.4,2.8,6.1,1.8,0.5,1.8,2.3,13.1,14.6,0.516,0.479,0.33,1.4,8.3,4.8,26.4,2.8,1.5,12.2,19.1,0.6,0.6,1.2,0.106,0,0.2,0.3,0.3,103,12553571
"Tony Snell",0,0,0,0,0,0,1,29,1,0,0,0,0,0,0,0,0,0,0,0,0,0,0,0,0,0,0,0,0,0,0,0,0,0,0,0,0,0,0,15,0,12.9,1.1,2.7,0.9,1.9,0.1,0.7,0.575,0,0,0.4,1.2,1.6,0.9,0.1,0.1,0.4,0.9,3.1,7.3,0.575,0.725,0,3.4,9.9,6.7,9.9,0.3,0.9,13,10.2,0.1,0.1,0.2,0.052,-1.5,-0.8,-2.3,0,89.8,11392857
"Edmond Sumner",0,0,0,0,0,0,1,25,0,0,0,0,0,0,0,0,0,0,0,1,0,0,0,0,0,0,0,0,0,0,0,0,0,0,0,0,0,0,0,16,4,9.4,1.5,3,0.3,1,1.2,2,0.552,0.6,0.9,0.4,0.9,1.3,0.5,0.5,0.1,0.6,1.1,3.9,11.4,0.572,0.333,0.292,4.5,10.9,7.7,7.5,2.6,0.6,15.6,18.6,0,0.2,0.2,0.053,-3.4,0.3,-3.1,0,84.4,2e+06
"Jayson Tatum",0,0,0,0,1,0,0,22,0,1,0,0,0,0,0,0,0,0,0,0,0,0,0,0,0,0,0,0,0,0,0,0,0,0,0,0,0,0,0,23,23,35.2,9.3,20.8,2.7,7,6.6,13.8,0.515,4.4,5,0.6,6.4,7,4.7,1.3,0.4,2.4,1.9,25.8,21.4,0.561,0.338,0.238,1.7,20.9,11.1,23,1.7,1,9.6,30.9,1.4,1,2.4,0.142,4.6,0,4.6,1.4,92.5,7830000
"Jeff Teague",0,0,0,1,0,0,0,32,0,1,0,0,0,0,0,0,0,0,0,0,0,0,0,0,0,0,0,0,0,0,0,0,0,0,0,0,0,0,0,23,3,17.3,1.8,5.7,0.7,1.7,1.1,4,0.385,1.2,1.3,0.3,1.3,1.6,2,0.9,0.1,1.1,1,5.5,8.2,0.443,0.292,0.231,1.9,8.6,5.2,15.7,2.6,0.7,14.9,18.1,-0.4,0.4,0,0.004,-4.2,-0.3,-4.5,-0.2,82.1,1.9e+07
"Garrett Temple",0,0,0,0,0,0,1,34,0,0,0,1,0,0,0,0,0,0,0,0,0,0,0,0,0,0,0,0,0,0,0,0,0,0,0,0,0,0,0,26,5,27.5,3.2,7.6,1.5,4.3,1.7,3.3,0.528,0.8,1,0.5,2.6,3.1,2,1.1,0.5,1,2.4,8.8,9.6,0.551,0.563,0.137,2.1,10.2,6.2,9.4,1.8,1.6,11.4,14,0.3,0.7,0.9,0.063,-2.7,0.1,-2.6,-0.1,88.5,4767000
"Daniel Theis",1,0,0,0,0,0,0,28,0,1,0,0,0,0,0,0,0,0,0,0,0,0,0,0,0,0,0,0,0,0,0,0,0,0,0,0,0,0,0,26,21,24,3.7,6.5,0.9,2.2,2.8,4.2,0.64,1.1,1.6,1.3,3.8,5.1,1.4,0.6,1,1,2.8,9.3,15.5,0.653,0.345,0.244,5.9,18.2,11.9,8.4,1.2,3.9,12.7,14.6,1.1,0.7,1.9,0.145,-0.2,0.7,0.5,0.4,97.5,5e+06
"Matt Thomas",0,0,0,0,0,0,1,26,0,0,0,0,0,0,0,0,0,0,0,0,0,0,0,0,0,0,0,0,0,0,0,0,0,0,0,1,0,0,0,14,0,6,0.8,2,0.6,1.5,0.1,0.5,0.554,0.3,0.3,0.1,0.6,0.6,0.4,0.1,0,0.3,0.4,2.5,10.5,0.588,0.75,0.143,1.3,10.9,5.9,10.1,1.1,0,11.8,17.1,0.1,0,0.1,0.063,-1.1,-1.7,-2.8,0,89.4,898310
"Tristan Thompson",0,0,1,0,0,0,0,29,0,1,0,0,0,0,0,0,0,0,0,0,0,0,0,0,0,0,0,0,0,0,0,0,0,0,0,0,0,0,0,26,21,22.5,2.8,5.6,0,0.1,2.8,5.5,0.507,1.3,2.1,2.9,5.4,8.3,0.8,0.3,0.3,0.9,2.2,7,13.6,0.533,0.014,0.37,14.1,27.3,20.5,5,0.7,1.4,12.4,14.1,0.6,0.7,1.3,0.107,-1.5,-1.6,-3.1,-0.2,102.1,18539130
"Matisse Thybulle",0,0,0,0,0,0,1,23,0,0,0,0,0,0,0,0,0,0,0,0,0,0,0,0,0,0,0,0,0,0,1,0,0,0,0,0,0,0,0,26,1,17.7,1.2,3.2,0.6,2,0.7,1.2,0.476,0.2,0.5,0.3,1,1.3,0.8,1.6,0.8,0.3,2,3.3,9.1,0.481,0.627,0.145,2,6,4,5.5,4.2,4.2,8.3,8.8,0,0.8,0.8,0.087,-3.2,4.2,1,0.4,91.2,2582160
"Karl-Anthony Towns",1,0,0,0,0,0,0,25,0,0,0,0,0,0,0,0,0,0,0,0,0,0,0,0,0,1,0,0,0,0,0,0,0,0,0,0,0,0,0,9,9,33.1,7.7,15.1,2,4.7,5.7,10.4,0.574,4.4,4.8,3.1,7.4,10.6,3.3,1,1.9,2.8,3.3,21.8,23.9,0.633,0.309,0.316,9.6,25.5,17.1,16.6,1.4,4.7,13.9,25.4,0.7,0.4,1.1,0.173,3.4,0.9,4.3,0.5,112.5,27285000
"Myles Turner",1,0,0,0,0,0,0,24,0,0,0,0,0,0,0,0,0,0,0,1,0,0,0,0,0,0,0,0,0,0,0,0,0,0,0,0,0,0,0,27,27,31.2,4.7,9.4,1.4,4.4,3.2,4.9,0.575,2.4,3.1,1.3,5.3,6.6,1,1.1,3.5,1.4,3.6,13.2,17,0.615,0.474,0.336,4.5,18.5,11.6,4.4,1.7,9.6,11.3,16.9,0.9,1.6,2.4,0.14,-0.7,2.2,1.4,0.7,108.4,1.8e+07
"Denzel Valentine",0,0,0,0,0,0,1,27,0,0,0,1,0,0,0,0,0,0,0,0,0,0,0,0,0,0,0,0,0,0,0,0,0,0,0,0,0,0,0,23,3,20.1,3.2,8.2,1.9,5,1.3,3.2,0.503,0.3,0.3,0.3,3.6,3.9,1.8,0.7,0,0.6,1.3,8.5,11.8,0.511,0.606,0.032,2,19.4,10.8,12.4,1.7,0.2,6.4,18.7,0.1,0.5,0.6,0.062,-0.9,-0.8,-1.7,0,95.3,3377568
"Jarred Vanderbilt",0,0,1,0,0,0,0,21,0,0,0,0,0,0,0,0,0,0,0,0,0,0,0,0,0,1,0,0,0,0,0,0,0,0,0,0,0,0,0,27,10,19.1,2.5,4.2,0,0.1,2.5,4.1,0.606,1,1.9,1.9,4.1,6,1.7,1.1,0.7,0.9,2.2,6,16.7,0.602,0.018,0.451,9.9,24.6,16.8,12.9,2.8,2.9,15.6,13.1,0.7,0.7,1.5,0.135,-1.4,1.3,-0.1,0.3,97.1,1416852
"Fred VanVleet",0,0,0,0,0,0,1,26,0,0,0,0,0,0,0,0,0,0,0,0,0,0,0,0,0,0,0,0,0,0,0,0,0,0,0,1,0,0,0,28,28,36.4,6.9,16.6,3.3,8.7,3.6,7.9,0.516,3.3,3.6,0.7,3.5,4.2,6.6,1.7,0.7,2.1,2.3,20.4,18.3,0.56,0.525,0.219,2.1,11,6.4,27.9,2.3,1.9,10.2,23.7,2,1,3,0.14,2.9,-0.1,2.8,1.2,89.4,9346153
"Noah Vonleh",0,1,0,0,0,0,0,25,0,0,1,0,0,0,0,0,0,0,0,0,0,0,0,0,0,0,0,0,0,0,0,0,0,0,0,0,0,0,0,3,0,2.7,0,0.7,0,0.3,0,0.3,0,0,0,0,0.3,0.3,0.3,0,0,0.7,0.7,0,-20.9,0,0.5,0,0,13.2,7,13.8,0,0,50,21.6,-0.1,0,-0.1,-0.536,-24.1,-9.2,-33.3,-0.1,112,2e+06
"Moritz Wagner",1,0,0,0,0,0,0,23,0,0,0,0,0,0,0,0,0,0,0,0,0,0,0,0,0,0,0,0,0,0,0,0,0,0,0,0,0,0,1,14,3,13.6,2.3,3.9,0.4,1.3,1.9,2.6,0.648,1.1,1.8,0.4,2.6,3.1,0.9,0.6,0.3,0.6,2.6,6.1,15.4,0.662,0.333,0.463,3.2,21,11.8,9.9,2.2,1.8,11,15.8,0.3,0.2,0.6,0.138,-1.3,0.9,-0.4,0.1,108.9,2063520
"Kemba Walker",0,0,0,1,0,0,0,30,0,1,0,0,0,0,0,0,0,0,0,0,0,0,0,0,0,0,0,0,0,0,0,0,0,0,0,0,0,0,0,13,13,28,5.5,15,2.6,7.3,2.8,7.7,0.451,2.8,3.2,0.5,3.2,3.7,4,1.1,0.2,2.2,1.3,16.4,14.2,0.5,0.487,0.21,2.1,12.9,7.3,22,1.9,0.5,12,28.4,0,0.3,0.3,0.043,0.7,-0.9,-0.3,0.2,78,32742000
"Lonnie Walker",0,0,0,0,0,0,1,22,0,0,0,0,0,0,0,0,0,0,0,0,0,0,0,0,0,0,0,0,0,0,0,0,0,0,1,0,0,0,0,25,22,26.6,4,10,1.6,4.4,2.5,5.6,0.484,1.1,1.4,0.2,2.7,2.9,1.7,0.5,0.4,1,2.1,10.8,8.6,0.509,0.442,0.141,0.8,10.9,5.7,8.8,0.9,1.1,9,18.7,-0.3,0.6,0.2,0.018,-2.9,-1.7,-4.6,-0.4,92.5,2764200
"John Wall",0,0,0,1,0,0,0,30,0,0,0,0,0,0,0,0,0,0,1,0,0,0,0,0,0,0,0,0,0,0,0,0,0,0,0,0,0,0,0,19,19,31.1,7.4,16.8,2.1,5.8,5.4,11,0.502,3.5,4.7,0.5,3.2,3.7,6.3,1,0.7,3.5,1.4,20.4,17.3,0.539,0.347,0.281,1.8,10.9,6.3,34.7,1.5,1.9,15.5,30.7,0,0.7,0.7,0.061,1.9,-1,0.9,0.4,88.5,38199000
"Brad Wanamaker",0,0,0,1,0,0,0,31,0,0,0,0,0,0,0,0,0,1,0,0,0,0,0,0,0,0,0,0,0,0,0,0,0,0,0,0,0,0,0,29,0,16,1.3,4,0.3,1.6,1,2.4,0.379,1.3,1.5,0.2,1.6,1.8,2.7,0.8,0.1,0.8,1.4,4.3,9.2,0.467,0.388,0.371,1.4,10.1,5.8,21.4,2.3,0.8,15.1,14.5,0,0.6,0.6,0.059,-4.4,0.8,-3.7,-0.2,95.3,1445697
"Russell Westbrook",0,0,0,1,0,0,0,32,0,0,0,0,0,0,0,0,0,0,0,0,0,0,0,0,0,0,0,0,0,0,0,0,0,0,0,0,0,0,1,19,19,33.2,7.3,17.9,1.2,4.1,6.1,13.8,0.44,3.2,5.1,1.8,7.6,9.4,9.5,0.8,0.4,4.9,2.8,18.9,14.4,0.469,0.229,0.285,5.4,24.9,14.9,45.3,1.2,1,19.7,31.2,-1,0.5,-0.4,-0.034,-0.1,-1.7,-1.8,0,86.2,38506482
"Coby White",0,0,0,1,0,0,0,20,0,0,0,1,0,0,0,0,0,0,0,0,0,0,0,0,0,0,0,0,0,0,0,0,0,0,0,0,0,0,0,27,27,33.5,5.6,13.8,2.4,6.8,3.2,7,0.489,1.9,2.2,0.3,4.4,4.7,5.4,0.4,0.1,2.4,2.4,15.4,10.9,0.522,0.492,0.161,1.1,14.4,7.9,22.8,0.5,0.3,14.2,21.8,0.1,0.5,0.6,0.034,-1.6,-2.3,-3.9,-0.4,83.9,5307120
"Derrick White",0,0,0,0,0,0,1,26,0,0,0,0,0,0,0,0,0,0,0,0,0,0,0,0,0,0,0,0,0,0,0,0,0,0,1,0,0,0,0,8,4,23.6,4.3,10.8,1.9,5.5,2.4,5.3,0.483,1.4,1.9,0.1,1.6,1.8,3.9,1,1,0.9,2.3,11.8,15,0.508,0.512,0.174,0.5,7.3,3.8,24,2,3.6,7,22.6,0.1,0.2,0.3,0.087,0.7,0.8,1.5,0.2,90.7,1948080
"Hassan Whiteside",1,0,0,0,0,0,0,31,0,0,0,0,0,0,0,0,0,0,0,0,0,0,0,0,0,0,0,0,0,0,0,0,0,1,0,0,0,0,0,20,0,14.8,3.5,5.7,0,0.1,3.5,5.6,0.619,1.4,2.6,1.6,4.1,5.7,0.5,0.3,1.4,1,1.8,8.4,22.2,0.617,0.009,0.451,11.3,30.6,20.9,4.7,1,7.7,12.3,22.3,0.5,0.3,0.8,0.125,-0.2,0.3,0.1,0.2,106.6,27093018
"Andrew Wiggins",0,0,1,0,0,0,0,25,0,0,0,0,0,0,0,0,0,1,0,0,0,0,0,0,0,0,0,0,0,0,0,0,0,0,0,0,0,0,0,29,29,32.2,6.7,14.4,1.9,5.2,4.8,9.2,0.535,2.3,3.4,1,3.7,4.8,2.1,0.7,1.3,1.8,2.4,17.7,14,0.556,0.36,0.24,3.4,11.9,7.7,10.1,1,3.6,10.3,23.3,0.1,1.1,1.2,0.064,-0.7,-0.8,-1.6,0.1,89.4,27504630
"Grant Williams",0,0,1,0,0,0,0,22,0,1,0,0,0,0,0,0,0,0,0,0,0,0,0,0,0,0,0,0,0,0,0,0,0,0,0,0,0,0,0,24,6,19.3,1.9,4.3,0.9,2.2,1,2,0.559,0.6,1.2,1,2,3,1,0.5,0.4,1,3,5.4,8,0.562,0.52,0.284,5.6,12.1,8.8,6.7,1.2,2,16.7,12.8,0.1,0.4,0.6,0.058,-3.5,-0.3,-3.8,-0.2,107,2379840
"Kenrich Williams",0,0,1,0,0,0,0,26,0,0,0,0,0,0,0,0,0,0,0,0,0,0,0,0,0,0,0,0,1,0,0,0,0,0,0,0,0,0,0,28,6,18.3,2.3,4.3,0.5,1.2,1.8,3.1,0.599,0.4,0.7,1.4,2.5,3.9,1.7,0.8,0.2,0.9,1.7,5.6,13.4,0.607,0.281,0.157,8.2,14.1,11.2,13.6,1.9,0.9,16.2,13.1,0.6,0.6,1.2,0.116,-1.5,0.9,-0.7,0.2,95.3,1416852
"Robert Williams",1,0,0,0,0,0,0,23,0,1,0,0,0,0,0,0,0,0,0,0,0,0,0,0,0,0,0,0,0,0,0,0,0,0,0,0,0,0,0,21,0,15.1,2.7,3.7,0,0,2.7,3.6,0.727,0.8,1.1,2.2,3.1,5.3,0.8,1,1.1,1,1.6,6.1,24.1,0.731,0.013,0.312,15.8,23.4,19.5,7.6,3.4,7,20.1,14.8,0.8,0.7,1.5,0.227,1.8,2.3,4.1,0.5,107.5,1937520
"Zion Williamson",0,0,1,0,0,0,0,20,0,0,0,0,0,0,0,0,0,0,0,0,0,0,0,0,0,0,1,0,0,0,0,0,0,0,0,0,0,0,0,27,27,32.6,9.6,15.6,0.2,0.6,9.4,15,0.625,5.6,7.7,2.4,4.4,6.8,3.1,1,0.7,2.3,2.6,25,27,0.659,0.038,0.496,8.2,14.9,11.5,16.2,1.5,2.2,10.8,27.8,3.4,0.5,3.9,0.215,4.6,-0.1,4.5,1.5,128.8,9757440
"Christian Wood",1,0,0,0,0,0,0,25,0,0,0,0,0,0,0,0,0,0,1,0,0,0,0,0,0,0,0,0,0,0,0,0,0,0,0,0,0,0,0,17,17,31.2,8.8,15.7,1.9,4.5,6.9,11.2,0.618,2.6,3.8,1.8,8.4,10.2,1.3,0.9,1.5,1.8,1.9,22,24.1,0.634,0.285,0.24,6.1,28.9,17.4,7.7,1.4,4.2,9.5,26.2,1,1,2,0.178,3.5,0.5,4,0.8,98,1645357
"Delon Wright",0,0,0,0,0,0,1,28,0,0,0,0,0,0,0,0,1,0,0,0,0,0,0,0,0,0,0,0,0,0,0,0,0,0,0,0,0,0,0,28,23,29.4,3.7,8.1,0.9,2.4,2.9,5.7,0.509,2.2,2.8,1.1,3.5,4.6,4.9,1.4,0.5,1.2,1.1,10.5,16.6,0.559,0.298,0.346,4.2,13.9,8.9,25.3,2.4,1.7,11.5,15.6,1.5,0.9,2.3,0.136,1.4,1.4,2.8,1,82.1,9473684
"Thaddeus Young",0,0,1,0,0,0,0,32,0,0,0,1,0,0,0,0,0,0,0,0,0,0,0,0,0,0,0,0,0,0,0,0,0,0,0,0,0,0,0,23,0,25.7,5.1,8.7,0.2,0.9,4.9,7.8,0.6,0.7,1.5,2.4,3.4,5.8,4.4,1.4,0.5,2,2.9,11.2,18.5,0.597,0.104,0.169,10.7,14.4,12.6,25.2,2.5,1.7,17.9,18.9,1.1,0.7,1.8,0.145,0.8,1.3,2.1,0.6,99.8,12900000
"Trae Young",0,0,0,1,0,0,0,22,1,0,0,0,0,0,0,0,0,0,0,0,0,0,0,0,0,0,0,0,0,0,0,0,0,0,0,0,0,0,0,26,26,34.7,7.6,17.7,2.3,6.2,5.3,11.5,0.493,9,10.2,0.7,3.2,3.8,9.3,0.8,0.3,4.3,2,26.5,22.9,0.598,0.349,0.577,2.2,9.7,6,44.5,1.1,0.7,16.2,32.5,2.7,0.5,3.1,0.168,5.8,-1.5,4.3,1.4,81.6,6273000
"Cody Zeller",1,0,0,0,0,0,0,28,0,0,0,0,1,0,0,0,0,0,0,0,0,0,0,0,0,0,0,0,0,0,0,0,0,0,0,0,0,0,0,15,12,24.1,4.2,8,0.2,1.1,4,6.9,0.538,1.5,1.9,2.6,5.4,8,2.5,0.7,0.6,0.9,2.5,10.1,18.2,0.569,0.133,0.242,11.4,24.3,17.7,15.2,1.3,2.5,9.5,17.3,0.8,0.5,1.2,0.161,0.4,0.6,1,0.3,104.3,14471910
"Ivica Zubac",1,0,0,0,0,0,0,23,0,0,0,0,0,0,0,0,0,0,0,0,1,0,0,0,0,0,0,0,0,0,0,0,0,0,0,0,0,0,0,30,1,19.5,3.2,4.7,0,0,3.2,4.7,0.669,2,2.4,2.3,4.4,6.6,1.1,0.4,0.8,1,2.6,8.3,20.5,0.722,0.007,0.5,13.4,24.4,19.1,7.7,0.9,3.7,14.8,15.3,2,0.8,2.8,0.23,0.8,-0.3,0.5,0.4,120.2,6481482
